"Name","Team","W","L","SV","G","GS","IP","K/9","BB/9","HR/9","BABIP","LOB%","GB%","HR/FB","EV","ERA","FIP","xFIP","WAR","playerid"
"Shane Bieber","Indians","6","0","0","7","7","46.2","14.46","1.74","0.77",".291","95.8%","51.1%","16.7%","89.3","1.35","1.70","1.59","2.1","19427"
"Jacob deGrom","Mets","2","0","0","6","6","35.0","12.60","1.80","0.51",".267","84.0%","51.9%","8.3%","88.1","1.80","1.70","2.30","1.6","10954"
"Max Fried","Braves","5","0","0","7","7","40.0","8.55","2.70","0.00",".257","85.0%","56.4%","0.0%","83.3","1.35","2.30","3.58","1.5","13743"
"Lucas Giolito","White Sox","3","2","0","7","7","43.2","11.95","3.50","0.62",".267","71.8%","46.7%","10.3%","86.0","3.09","2.70","3.10","1.5","15474"
"Yu Darvish","Cubs","5","1","0","6","6","37.0","10.70","1.46","0.49",".295","87.4%","39.3%","7.4%","88.4","1.70","2.13","2.85","1.5","13074"
"Sonny Gray","Reds","5","1","0","7","7","41.2","11.88","3.24","0.65",".261","80.4%","43.2%","11.5%","86.6","1.94","2.67","2.96","1.5","12768"
"Zack Greinke","Astros","1","0","0","6","6","35.1","7.39","1.53","0.00",".260","72.7%","43.4%","0.0%","85.3","2.29","2.11","3.93","1.4","1943"
"Luis Castillo","Reds","0","4","0","6","6","32.1","12.53","3.90","0.28",".400","63.0%","57.0%","4.2%","84.0","3.62","2.07","3.12","1.4","15689"
"Kenta Maeda","Twins","4","0","0","6","6","36.2","9.82","1.72","0.74",".186","78.0%","51.7%","12.0%","85.6","2.21","2.61","2.88","1.3","18498"
"Brandon Woodruff","Brewers","2","2","0","7","7","36.2","10.06","2.21","0.74",".316","77.9%","51.0%","9.4%","85.9","3.19","2.88","3.53","1.3","16162"
"Lance Lynn","Rangers","4","0","0","7","7","45.1","9.93","2.78","0.99",".189","93.9%","36.4%","10.4%","88.0","1.59","3.38","4.01","1.3","2520"
"Andrew Heaney","Angels","2","2","0","7","7","37.0","9.97","3.16","0.49",".320","63.4%","34.3%","5.3%","89.2","4.62","2.78","4.08","1.2","15423"
"Zach Davies","Padres","5","2","0","7","7","41.1","8.06","1.96","0.87",".220","63.7%","40.9%","9.5%","87.9","2.61","3.28","4.00","1.2","13183"
"Trevor Bauer","Reds","3","1","0","5","5","32.2","13.50","2.48","1.10",".186","98.0%","32.3%","13.8%","88.7","1.65","2.76","2.90","1.2","12703"
"Corbin Burnes","Brewers","1","0","0","7","4","32.1","12.80","4.73","0.28",".262","75.8%","40.9%","3.6%","88.6","2.78","2.47","3.77","1.2","19361"
"Framber Valdez","Astros","3","2","0","6","5","38.1","9.39","2.11","0.47",".307","72.8%","57.8%","11.1%","90.4","2.35","2.61","2.85","1.1","17295"
"Dallas Keuchel","White Sox","5","2","0","7","7","43.1","5.40","2.08","0.42",".243","75.8%","55.9%","8.0%","86.5","2.70","3.25","3.78","1.1","9434"
"Max Scherzer","Nationals","3","1","0","7","7","37.1","13.26","3.13","1.21",".372","79.6%","37.5%","16.1%","88.0","3.86","3.07","2.96","1.1","3137"
"Dylan Bundy","Angels","3","2","0","6","6","38.1","10.33","1.88","0.94",".237","76.4%","38.5%","11.4%","86.4","2.58","3.08","3.51","1.1","12917"
"Aaron Civale","Indians","3","3","0","6","6","40.0","9.00","0.90","1.13",".294","79.4%","41.2%","12.5%","88.7","3.15","3.08","3.41","1.1","19479"
"Hyun-Jin Ryu","Blue Jays","2","1","0","7","7","37.0","9.73","2.43","0.73",".298","76.7%","54.7%","13.6%","86.6","3.16","2.94","3.05","1.1","14444"
"Kyle Hendricks","Cubs","3","4","0","7","7","44.0","6.95","0.82","1.23",".284","70.7%","45.7%","14.3%","85.4","4.09","3.65","3.75","1.0","12049"
"Zack Wheeler","Phillies","3","0","0","6","6","38.1","5.40","1.64","0.47",".293","75.8%","53.8%","8.0%","85.2","2.58","3.34","3.93","1.0","10310"
"Pablo Lopez","Marlins","3","1","0","5","5","27.1","8.89","2.30","0.33",".325","73.6%","60.5%","5.9%","85.9","1.98","2.42","3.16","1.0","17085"
"Dinelson Lamet","Padres","2","1","0","7","7","38.1","11.97","3.29","0.94",".220","84.3%","28.2%","10.0%","89.6","2.35","3.26","3.94","1.0","17186"
"German Marquez","Rockies","2","4","0","7","7","42.0","8.57","2.79","1.07",".314","63.3%","43.7%","13.5%","89.3","4.50","3.73","3.90","1.0","15038"
"Justus Sheffield","Mariners","2","2","0","5","5","25.2","8.06","2.81","0.00",".308","66.7%","48.7%","0.0%","90.4","3.51","2.41","3.94","0.9","17285"
"Zach Plesac","Indians","1","1","0","3","3","21.0","10.29","0.86","0.86",".204","98.2%","39.2%","10.5%","85.6","1.29","2.39","2.92","0.9","19979"
"Aaron Nola","Phillies","3","2","0","6","6","36.0","12.00","2.25","1.50",".240","85.4%","50.6%","25.0%","88.1","3.00","3.40","2.54","0.9","16149"
"Rick Porcello","Mets","1","4","0","6","6","28.0","8.04","1.93","0.64",".413","56.6%","38.7%","6.5%","87.2","6.43","3.05","4.28","0.9","2717"
"Kevin Gausman","Giants","1","2","0","7","6","35.2","12.11","2.02","1.51",".344","68.3%","37.9%","18.2%","89.0","4.54","3.32","2.95","0.9","14107"
"James Karinchak","Indians","0","1","1","15","0","16.2","16.74","3.24","0.00",".217","81.8%","13.6%","0.0%","88.3","0.54","0.51","2.16","0.9","20151"
"Zac Gallen","Diamondbacks","1","0","0","7","7","43.0","9.84","2.72","1.26",".245","95.7%","44.9%","16.2%","86.6","2.09","3.83","3.70","0.9","19291"
"Marco Gonzales","Mariners","3","2","0","6","6","34.2","8.05","0.78","1.30",".270","66.7%","39.0%","11.9%","86.8","3.63","3.67","4.17","0.8","15467"
"Patrick Corbin","Nationals","2","2","0","6","6","35.1","8.66","2.04","1.27",".324","76.9%","49.5%","17.2%","90.0","3.82","3.75","3.51","0.8","9323"
"Liam Hendriks","Athletics","2","0","10","16","0","16.1","12.67","1.65","0.55",".219","93.8%","37.5%","8.3%","91.3","1.10","1.69","2.33","0.8","3548"
"Kyle Freeland","Rockies","2","1","0","7","7","42.0","5.57","2.14","1.07",".297","81.3%","55.5%","19.2%","86.7","3.43","4.32","3.98","0.7","16256"
"Spencer Turnbull","Tigers","3","2","0","6","6","30.1","7.71","5.34","0.00",".262","76.2%","49.4%","0.0%","91.0","2.97","3.42","4.97","0.7","16207"
"Yusei Kikuchi","Mariners","1","2","0","5","5","25.0","9.72","3.60","0.36",".358","53.6%","48.5%","6.3%","90.2","6.12","2.71","3.45","0.7","20633"
"Jalen Beeks","Rays","1","1","1","12","0","19.1","12.10","1.86","0.47",".400","67.8%","42.9%","6.7%","86.4","3.26","1.76","2.60","0.7","17192"
"Jonathan Hernandez","Rangers","4","0","0","16","0","18.1","11.29","2.45","0.00",".275","77.8%","42.5%","0.0%","89.5","1.96","1.79","3.82","0.7","17464"
"Logan Webb","Giants","2","3","0","7","7","31.0","8.71","3.77","0.29",".326","59.2%","48.9%","4.5%","88.6","4.35","3.28","4.25","0.7","17995"
"Freddy Peralta","Brewers","1","1","0","7","1","16.2","16.20","3.24","0.54",".375","66.3%","35.5%","8.3%","92.4","4.32","1.77","2.40","0.7","18679"
"Nick Anderson","Rays","1","0","3","11","0","9.1","14.46","0.96","0.00",".235","100.0%","17.6%","0.0%","91.3","0.00","0.26","2.78","0.7","18337"
"Merrill Kelly","Diamondbacks","3","2","0","5","5","31.1","8.33","1.44","1.44",".247","92.0%","45.6%","15.2%","88.5","2.59","3.95","3.94","0.7","11156"
"Chris Bassitt","Athletics","2","1","0","6","6","33.1","7.56","2.43","0.81",".247","74.0%","40.8%","8.1%","89.3","2.97","3.63","4.64","0.7","12304"
"Clayton Kershaw","Dodgers","4","1","0","5","5","30.0","9.90","1.20","1.50",".200","100.0%","56.0%","25.0%","89.4","1.80","3.52","2.66","0.7","2036"
"Jon Gray","Rockies","2","3","0","7","7","36.1","5.20","2.72","0.99",".269","57.6%","36.6%","8.9%","89.7","5.45","4.50","5.49","0.6","14916"
"Tommy Milone","Orioles","1","4","0","6","6","29.1","9.51","1.23","1.53",".322","65.6%","34.1%","14.3%","89.1","3.99","3.87","3.99","0.6","7608"
"Zach Eflin","Phillies","1","1","0","4","4","19.1","13.50","3.72","0.93",".417","62.5%","47.9%","11.1%","86.4","5.12","2.74","3.22","0.6","13774"
"Tony Gonsolin","Dodgers","0","0","0","3","3","14.2","7.36","1.23","0.00",".167","100.0%","33.3%","0.0%","88.1","0.00","2.13","4.00","0.6","19388"
"Gerrit Cole","Yankees","4","1","0","7","7","41.0","11.63","1.76","2.20",".236","92.3%","38.8%","21.7%","90.6","3.51","4.40","3.42","0.6","13125"
"Joakim Soria","Athletics","2","1","2","14","0","14.2","10.43","3.68","0.00",".243","80.0%","35.1%","0.0%","85.1","1.23","2.06","4.46","0.6","6941"
"Jeff Hoffman","Rockies","2","1","1","9","0","13.2","8.56","1.98","0.00",".385","47.4%","41.0%","0.0%","91.8","6.59","2.13","3.99","0.6","17432"
"Drew Pomeranz","Padres","0","0","4","10","0","9.0","12.00","3.00","0.00",".063","100.0%","31.3%","0.0%","85.4","0.00","1.49","3.66","0.6","11426"
"Danny Duffy","Royals","2","2","0","7","7","35.0","10.29","2.57","1.54",".244","68.6%","37.0%","14.6%","88.7","4.11","4.13","4.19","0.6","3542"
"Tyler Glasnow","Rays","1","1","0","6","6","28.0","15.43","4.50","1.61",".345","71.0%","35.6%","22.7%","89.6","5.14","3.55","2.76","0.6","14374"
"Julio Urias","Dodgers","2","0","0","6","6","27.0","8.00","3.33","1.00",".313","79.9%","34.9%","9.4%","87.3","3.67","3.93","4.81","0.6","14765"
"Brad Keller","Royals","3","1","0","4","4","21.2","7.89","4.57","0.00",".250","81.5%","45.5%","0.0%","88.4","2.08","3.20","4.64","0.6","15734"
"A.J. Cole","Blue Jays","1","0","1","13","0","13.2","6.59","2.63","0.00",".275","80.0%","32.5%","0.0%","86.7","1.32","2.57","5.29","0.6","11467"
"Sean Manaea","Athletics","2","2","0","7","7","30.1","7.42","1.48","1.19",".358","52.1%","51.5%","14.8%","90.3","5.64","3.81","3.84","0.6","15873"
"Edwin Diaz","Mets","1","0","2","13","0","12.0","21.00","5.25","0.75",".529","90.4%","50.0%","16.7%","82.8","2.25","1.57","1.47","0.6","14710"
"Jesus Luzardo","Athletics","2","1","0","7","5","33.2","9.09","3.48","1.07",".326","79.7%","44.0%","16.0%","88.9","3.74","3.93","3.83","0.5","19959"
"Antonio Senzatela","Rockies","3","1","0","6","6","36.1","6.19","1.49","1.49",".255","74.4%","49.1%","16.2%","88.4","3.96","4.59","4.43","0.5","15488"
"Jose Cisnero","Tigers","1","1","0","16","0","16.2","9.72","2.70","0.00",".244","81.3%","43.9%","0.0%","89.9","1.62","2.07","3.60","0.5","6399"
"Tyler Matzek","Braves","2","2","0","10","0","13.0","12.46","2.77","0.00",".400","66.7%","42.9%","0.0%","87.5","4.15","1.31","3.11","0.5","10058"
"Jordan Montgomery","Yankees","2","1","0","5","5","24.1","7.40","1.11","1.11",".278","63.0%","45.3%","13.6%","82.9","4.44","3.73","3.90","0.5","16511"
"Yency Almonte","Rockies","1","0","1","14","0","16.2","8.64","1.08","0.54",".340","48.4%","50.0%","5.3%","88.4","3.78","2.55","4.00","0.5","15068"
"Caleb Ferguson","Dodgers","1","0","0","14","1","13.2","12.51","1.32","0.66",".192","100.0%","57.7%","12.5%","87.7","0.66","1.76","1.96","0.5","19349"
"Archie Bradley","Diamondbacks","1","0","6","9","0","10.0","10.80","2.70","0.00",".423","71.4%","26.9%","0.0%","88.3","3.60","1.65","3.22","0.5","12918"
"Devin Williams","Brewers","1","1","0","11","0","11.2","19.29","3.86","0.77",".200","69.8%","56.3%","16.7%","85.3","0.77","1.53","1.42","0.5","15816"
"Dustin May","Dodgers","1","1","0","7","7","35.0","5.91","2.31","1.03",".264","85.2%","52.3%","13.8%","87.0","2.83","4.18","4.32","0.5","19716"
"Kolby Allard","Rangers","0","3","0","5","5","18.0","9.50","5.00","0.50",".321","56.4%","29.6%","3.7%","89.6","6.50","3.43","5.64","0.5","18694"
"Tyler Clippard","Twins","1","0","0","13","2","13.0","9.69","1.38","0.69",".241","93.0%","33.3%","8.3%","84.3","1.38","2.46","3.27","0.5","5640"
"Daniel Bard","Rockies","1","2","3","14","0","14.0","10.93","1.93","0.64",".378","69.9%","52.6%","8.3%","88.6","4.50","2.73","3.47","0.5","7115"
"Daniel Norris","Tigers","2","1","0","6","1","15.0","7.20","1.80","0.00",".267","73.3%","44.4%","0.0%","93.2","2.40","2.15","4.11","0.5","13475"
"Adam Wainwright","Cardinals","2","0","0","4","4","25.0","5.76","2.16","0.72",".216","67.6%","48.6%","9.1%","88.2","2.88","3.75","4.44","0.5","2233"
"Randy Dobnak","Twins","5","1","0","6","6","30.1","4.75","2.08","0.89",".226","93.3%","62.4%","15.0%","87.1","1.78","4.08","4.08","0.5","23798"
"Taylor Rogers","Twins","1","2","7","12","0","11.1","11.12","0.79","0.79",".424","61.6%","44.1%","9.1%","87.0","4.76","2.10","2.85","0.5","13449"
"Masahiro Tanaka","Yankees","0","1","0","5","5","20.2","7.40","1.31","1.31",".295","70.7%","45.3%","12.0%","89.0","3.48","3.83","4.31","0.5","15764"
"Jose Berrios","Twins","2","3","0","7","7","36.0","9.75","4.50","1.25",".319","74.5%","42.9%","15.2%","88.9","4.75","4.38","4.36","0.5","14168"
"Tommy Hunter","Phillies","0","1","0","12","0","12.1","8.03","1.46","0.00",".353","66.7%","48.4%","0.0%","92.4","3.65","2.10","2.89","0.5","1157"
"Josh Hader","Brewers","0","0","7","9","0","9.1","12.54","4.82","0.00",".000","100.0%","33.3%","0.0%","83.7","0.00","2.30","3.97","0.5","14212"
"Evan Marshall","White Sox","1","1","0","14","0","13.0","12.46","3.46","0.69",".333","83.3%","52.9%","14.3%","89.4","2.77","2.54","2.59","0.4","12297"
"Nick Margevicius","Mariners","1","2","0","7","4","25.2","8.06","1.75","1.40",".286","76.9%","39.7%","14.8%","91.2","3.86","3.97","4.00","0.4","20395"
"Tanner Rainey","Nationals","1","0","0","14","0","14.1","12.56","3.14","0.63",".154","93.8%","29.6%","8.3%","90.2","1.26","2.53","3.26","0.4","17610"
"Seth Lugo","Mets","1","2","3","10","1","13.1","10.80","1.35","0.68",".233","81.4%","48.4%","14.3%","87.0","2.03","2.18","2.23","0.4","12447"
"Tyler Duffey","Twins","1","0","0","12","0","12.0","12.00","0.00","0.75",".167","100.0%","56.0%","20.0%","88.9","0.75","1.82","1.55","0.4","13758"
"Kenley Jansen","Dodgers","1","0","8","15","0","13.2","12.51","3.29","0.66",".192","94.3%","15.4%","5.9%","83.0","1.32","2.64","4.12","0.4","3096"
"Peter Fairbanks","Rays","4","1","0","15","0","14.2","14.73","4.30","0.61",".333","73.9%","45.2%","8.3%","88.9","3.07","2.40","3.12","0.4","17998"
"Scott Barlow","Royals","1","1","1","19","0","18.2","11.09","3.38","0.48",".268","91.4%","43.9%","7.1%","88.2","1.45","2.67","3.44","0.4","14993"
"David Peterson","Mets","3","1","0","5","5","25.2","7.01","3.86","0.70",".264","72.9%","41.1%","7.1%","88.6","3.51","4.01","5.13","0.4","20302"
"Elieser Hernandez","Marlins","1","0","0","5","5","23.2","12.17","1.52","1.90",".259","88.9%","32.2%","17.9%","91.6","3.04","3.96","3.52","0.4","16933"
"Mike Minor","Rangers","0","5","0","7","7","35.1","8.92","3.31","1.78",".280","65.5%","39.3%","16.7%","87.1","5.60","4.85","4.60","0.4","10021"
"Tyler Mahle","Reds","1","1","0","5","4","23.0","12.52","3.91","1.57",".245","80.4%","32.1%","14.8%","89.6","3.91","4.20","4.23","0.4","16358"
"Jordan Romano","Blue Jays","2","1","2","15","0","14.2","12.89","3.07","1.23",".207","98.0%","58.1%","25.0%","92.3","1.23","3.09","2.38","0.4","16122"
"Felix Pena","Angels","2","0","0","12","0","15.2","10.34","2.30","0.57",".289","82.2%","48.7%","8.3%","88.2","2.30","2.45","3.12","0.4","13403"
"Alex Colome","White Sox","1","0","6","11","0","11.1","7.94","2.38","0.00",".219","81.8%","43.3%","0.0%","87.7","0.79","2.45","3.83","0.4","6661"
"Tyler Chatwood","Cubs","2","2","0","4","4","16.1","13.78","4.96","1.10",".439","68.7%","39.5%","12.5%","90.0","6.06","3.34","3.66","0.4","4338"
"Dylan Floro","Dodgers","1","0","0","15","0","14.2","6.75","1.23","0.00",".279","92.9%","60.5%","0.0%","83.9","0.61","2.06","3.13","0.4","13394"
"Anthony Bass","Blue Jays","1","1","3","14","0","15.0","7.20","1.80","0.60",".194","72.9%","62.2%","8.3%","89.6","1.80","3.02","3.72","0.4","7982"
"Shane Greene","Braves","0","0","0","14","0","15.1","7.04","2.35","0.00",".216","92.3%","44.4%","0.0%","90.0","0.59","2.57","4.10","0.4","10756"
"Frankie Montas","Athletics","2","2","0","6","6","29.1","8.59","4.91","0.92",".293","67.8%","36.9%","9.1%","85.8","5.22","4.31","5.18","0.4","14309"
"Johnny Cueto","Giants","2","0","0","7","7","35.0","8.49","3.34","1.29",".271","61.5%","40.6%","12.2%","88.4","5.40","4.41","4.85","0.4","6893"
"Raisel Iglesias","Reds","1","2","4","10","0","9.2","13.97","0.93","0.93",".286","26.3%","54.5%","12.5%","84.6","5.59","2.02","2.29","0.4","17130"
"Chris Stratton","Pirates","2","0","0","13","0","15.0","10.80","3.00","0.60",".289","57.7%","48.7%","7.7%","86.8","4.20","2.62","3.45","0.4","13761"
"Giovanny Gallegos","Cardinals","1","0","1","6","0","5.2","11.12","0.00","0.00",".182","100.0%","45.5%","0.0%","92.4","0.00","0.68","1.72","0.4","14986"
"Oliver Perez","Indians","1","0","1","13","0","12.0","6.75","1.50","0.00",".267","81.8%","50.0%","0.0%","86.3","1.50","2.40","4.03","0.4","1514"
"Jack Flaherty","Cardinals","2","0","0","3","3","13.2","7.90","1.32","0.66",".189","83.3%","47.4%","12.5%","82.9","1.98","3.01","3.20","0.4","17479"
"A.J. Minter","Braves","0","0","0","12","0","10.2","9.28","2.53","0.00",".296","90.9%","59.3%","0.0%","86.8","0.84","1.94","3.04","0.4","18655"
"Mychal Givens","Orioles","0","1","0","12","0","13.0","13.15","4.15","0.69",".240","94.8%","26.9%","7.1%","88.7","1.38","2.62","3.72","0.4","10430"
"Burch Smith","Athletics","2","0","1","6","0","12.0","9.75","0.75","0.75",".207","75.8%","30.0%","6.3%","89.5","2.25","2.32","3.85","0.4","12784"
"Kyle Finnegan","Nationals","1","0","0","12","0","12.0","9.75","3.75","0.00",".207","81.8%","55.2%","0.0%","84.4","1.50","2.24","3.54","0.4","15009"
"Ryan Pressly","Astros","1","1","4","10","0","8.2","11.42","4.15","0.00",".444","62.5%","37.0%","0.0%","89.3","5.19","2.00","4.03","0.4","7005"
"Alec Mills","Cubs","3","2","0","5","5","29.2","6.67","2.73","1.21",".238","68.0%","51.7%","15.4%","84.7","4.55","4.54","4.50","0.4","13834"
"Julian Merryweather","Blue Jays","0","0","0","3","1","5.1","15.19","3.38","0.00",".222","100.0%","12.5%","0.0%","86.4","0.00","0.90","2.37","0.4","16703"
"David Phelps","Brewers","2","3","0","12","0","13.0","13.85","1.38","1.38",".217","69.4%","52.0%","28.6%","80.4","2.77","2.77","1.82","0.4","6316"
"Blake Snell","Rays","2","0","0","6","6","23.2","12.17","2.66","1.90",".269","94.7%","42.1%","23.8%","89.3","3.04","4.08","3.07","0.4","13543"
"Lucas Sims","Reds","2","0","0","11","0","13.0","12.46","4.15","0.69",".087","69.8%","41.7%","8.3%","88.2","0.69","3.00","3.81","0.3","13470"
"Adam Kolarek","Dodgers","2","0","0","9","0","10.0","7.20","0.00","0.00",".154","100.0%","38.5%","0.0%","82.8","0.00","1.55","3.31","0.3","10843"
"Lance McCullers Jr.","Astros","2","2","0","6","6","31.1","7.18","3.45","0.86",".289","62.2%","62.6%","15.8%","89.7","5.74","4.43","4.37","0.3","14120"
"Tyler Anderson","Giants","1","2","0","8","6","36.0","6.00","3.75","1.00",".282","69.0%","25.2%","7.7%","86.8","4.75","4.68","6.06","0.3","12880"
"Tejay Antone","Reds","0","1","0","6","1","16.1","12.12","4.41","0.55",".133","87.3%","48.4%","7.1%","83.3","1.65","2.91","3.79","0.3","16233"
"Josh Lindblom","Brewers","1","2","0","6","6","25.2","12.62","4.21","1.75",".356","66.7%","28.6%","20.0%","88.0","6.31","4.52","3.89","0.3","7882"
"Sixto Sanchez","Marlins","1","0","0","2","2","12.0","10.50","0.75","1.50",".333","98.0%","68.8%","28.6%","89.1","2.25","3.24","2.21","0.3","19680"
"Matt Foster","White Sox","2","0","0","10","2","14.2","10.43","3.07","0.61",".167","93.8%","40.0%","9.1%","87.0","1.23","2.75","3.33","0.3","19647"
"Joely Rodriguez","Rangers","0","0","0","9","0","9.2","13.03","3.72","0.00",".273","70.0%","52.4%","0.0%","90.9","2.79","1.50","2.71","0.3","11487"
"Jake Diekman","Athletics","0","0","0","12","0","12.0","13.50","6.75","0.00",".217","100.0%","68.2%","0.0%","88.4","0.00","2.40","3.55","0.3","5003"
"Ryan Tepera","Cubs","0","1","0","11","0","11.2","13.89","1.54","0.77",".423","66.2%","51.9%","14.3%","90.9","4.63","1.95","2.01","0.3","10291"
"Brad Hand","Indians","0","1","9","11","0","9.2","12.10","3.72","0.00",".250","41.7%","13.6%","0.0%","88.0","3.72","2.33","5.16","0.3","9111"
"Chaz Roe","Rays","2","0","1","10","0","9.1","8.68","2.89","0.00",".385","71.4%","23.1%","0.0%","86.1","2.89","2.51","4.82","0.3","9866"
"Nathan Eovaldi","Red Sox","2","2","0","6","6","34.1","8.65","1.57","1.83",".330","75.3%","47.1%","21.2%","90.1","4.98","4.58","3.81","0.3","9132"
"Anthony Misiewicz","Mariners","0","1","0","11","0","11.2","11.57","2.31","0.77",".321","71.4%","34.5%","7.7%","89.4","3.86","2.73","3.79","0.3","18152"
"Jake McGee","Dodgers","2","1","0","14","0","11.2","13.11","2.31","0.77",".269","62.5%","50.0%","9.1%","90.2","3.86","2.13","2.86","0.3","7550"
"Drew Smyly","Giants","0","0","0","3","2","8.1","11.88","4.32","0.00",".318","72.7%","45.5%","0.0%","90.8","3.24","1.95","3.60","0.3","11760"
"Jonathan Brubaker","Pirates","0","0","0","5","3","15.0","9.60","4.20","0.60",".326","69.4%","38.6%","6.7%","89.7","4.80","3.49","4.58","0.3","17578"
"Brent Suter","Brewers","2","0","0","9","0","14.2","11.05","0.61","1.23",".366","67.9%","48.8%","15.4%","85.0","3.68","2.88","2.84","0.3","13942"
"Brusdar Graterol","Dodgers","0","2","0","12","0","11.2","5.40","0.77","0.00",".286","54.6%","60.0%","0.0%","89.2","3.09","2.21","3.39","0.3","20367"
"Brandon Workman","- - -","0","1","6","11","0","11.0","10.64","5.73","0.00",".486","79.2%","45.7%","0.0%","89.9","4.09","2.70","3.77","0.3","11428"
"James Paxton","Yankees","1","1","0","5","5","20.1","11.51","3.10","1.77",".365","55.1%","32.1%","14.3%","90.7","6.64","4.33","4.47","0.3","11828"
"Carlos Estevez","Rockies","1","0","1","15","0","16.0","7.31","2.25","0.56",".292","86.7%","34.7%","5.3%","89.9","2.25","3.47","4.98","0.3","14542"
"Kwang-hyun Kim","Cardinals","1","0","1","4","3","16.2","3.78","2.16","0.54",".189","80.9%","42.6%","5.9%","87.0","1.08","3.81","5.03","0.3","27458"
"Blake Treinen","Dodgers","2","1","0","14","0","13.2","8.56","4.61","0.00",".250","64.7%","72.2%","0.0%","87.6","1.32","3.01","3.44","0.3","12572"
"Ryan Yarbrough","Rays","0","2","0","7","7","37.0","6.32","2.19","1.22",".270","80.5%","44.8%","17.2%","82.9","3.65","4.56","4.34","0.3","16502"
"Jake Arrieta","Phillies","2","3","0","5","5","25.0","6.48","2.52","1.44",".304","75.8%","49.3%","23.5%","89.1","4.32","4.63","3.88","0.3","4153"
"Trevor Richards","Rays","0","0","0","6","2","21.0","6.86","3.43","0.86",".347","63.3%","34.7%","6.7%","89.3","4.71","4.01","5.57","0.3","19309"
"John Gant","Cardinals","0","2","0","9","0","9.1","11.57","3.86","0.00",".238","55.6%","66.7%","0.0%","87.3","1.93","1.87","2.71","0.3","13684"
"Tyler Rogers","Giants","1","3","1","17","0","16.1","8.82","1.65","0.55",".353","52.9%","54.9%","7.7%","85.7","6.06","3.28","4.04","0.3","15541"
"Blake Parker","Phillies","2","0","0","6","0","7.1","11.05","3.68","0.00",".278","87.5%","44.4%","0.0%","88.4","0.00","1.93","3.26","0.3","5224"
"Josh Staumont","Royals","1","1","0","15","0","13.2","17.78","6.59","0.66",".350","96.9%","28.6%","8.3%","93.9","0.66","3.01","3.77","0.3","18335"
"Mike Soroka","Braves","0","1","0","3","3","13.2","5.27","4.61","0.00",".268","63.2%","61.0%","0.0%","88.0","3.95","3.74","4.60","0.3","18383"
"Josh Tomlin","Braves","1","1","0","10","2","18.1","11.29","1.96","1.47",".333","78.7%","39.6%","18.8%","91.2","3.93","3.43","3.01","0.3","9388"
"Wander Suero","Nationals","1","0","0","9","0","11.0","9.00","1.64","0.00",".382","62.5%","51.5%","0.0%","88.6","4.91","1.97","3.75","0.3","15855"
"Zack Britton","Yankees","0","2","8","10","0","9.0","9.00","4.00","0.00",".240","60.0%","60.0%","0.0%","86.7","2.00","2.49","3.36","0.3","3240"
"Alex Cobb","Orioles","1","2","0","6","6","31.1","6.32","2.87","1.44",".229","77.4%","58.0%","26.3%","90.9","3.73","4.88","3.99","0.3","6562"
"Ross Detwiler","White Sox","1","0","0","9","0","12.1","7.30","0.00","0.00",".138","100.0%","55.2%","0.0%","86.7","0.00","1.53","3.12","0.3","2859"
"Jeremy Jeffress","Cubs","2","1","3","11","0","12.1","5.11","3.65","0.00",".147","75.0%","47.1%","0.0%","88.4","1.46","3.72","5.31","0.3","9490"
"Trevor May","Twins","1","0","1","12","0","12.0","12.75","2.25","1.50",".321","89.3%","30.0%","16.7%","90.9","3.00","3.24","3.03","0.3","6398"
"Walker Buehler","Dodgers","1","0","0","5","5","25.0","10.08","3.24","1.80",".203","70.0%","37.5%","19.2%","90.1","4.32","4.71","4.15","0.3","19374"
"Trevor Cahill","Giants","0","0","0","3","3","11.0","11.45","5.73","0.82",".174","94.3%","34.8%","10.0%","86.6","1.64","3.70","4.30","0.3","6249"
"Paul Fry","Orioles","1","0","0","13","0","11.2","11.57","3.09","0.77",".355","82.2%","62.5%","16.7%","86.0","2.31","2.73","2.62","0.3","15832"
"Carlos Carrasco","Indians","2","3","0","6","6","30.0","11.70","4.50","1.80",".310","81.5%","38.7%","22.2%","92.5","4.50","4.75","3.91","0.3","6632"
"Richard Rodriguez","Pirates","0","1","2","12","0","12.2","12.79","0.71","1.42",".231","61.0%","39.3%","15.4%","94.7","3.55","3.08","3.03","0.3","13549"
"Phil Maton","Indians","2","0","0","9","0","9.2","12.10","0.00","0.93",".318","100.0%","39.1%","10.0%","79.7","0.93","2.43","3.11","0.3","18064"
"Jacob Barnes","Angels","0","2","0","13","0","11.2","9.26","2.31","0.00",".371","44.4%","50.0%","0.0%","91.7","6.17","2.38","3.72","0.3","12323"
"Mike Mayers","Angels","0","0","0","14","0","10.2","13.50","3.38","0.84",".345","54.8%","36.7%","7.7%","90.4","4.22","2.78","3.94","0.3","15451"
"Jimmy Cordero","White Sox","0","1","0","14","0","12.0","7.50","2.25","0.00",".333","66.7%","57.9%","0.0%","84.6","3.75","2.74","4.04","0.3","15690"
"Aaron Bummer","White Sox","1","0","0","7","0","7.1","14.73","4.91","0.00",".286","87.5%","78.6%","0.0%","92.8","1.23","1.52","1.78","0.3","16258"
"Steven Brault","Pirates","0","1","0","6","5","15.0","5.40","6.60","0.00",".262","66.7%","54.8%","0.0%","86.9","4.80","4.55","5.99","0.2","15291"
"Jacob Waguespack","Blue Jays","0","0","0","9","0","13.0","10.38","5.54","0.00",".395","62.5%","34.2%","0.0%","87.8","4.85","2.92","5.03","0.2","18318"
"Adbert Alzolay","Cubs","0","0","0","1","1","5.0","10.80","1.80","0.00",".182","66.7%","54.5%","0.0%","83.8","0.00","1.35","2.92","0.2","17859"
"Rafael Montero","Rangers","0","1","6","8","0","8.2","11.42","3.12","1.04",".158","35.7%","16.7%","10.0%","87.5","3.12","3.15","3.91","0.2","12760"
"Caleb Thielbar","Twins","0","0","0","7","0","7.2","10.57","3.52","0.00",".381","81.8%","20.0%","0.0%","81.9","2.35","1.98","4.53","0.2","10078"
"Phillips Valdez","Red Sox","1","0","0","12","0","18.1","8.35","2.45","0.49",".320","84.1%","51.0%","7.1%","84.3","0.98","3.15","3.94","0.2","15605"
"Darren O'Day","Braves","2","0","0","10","0","8.2","12.46","3.12","0.00",".238","80.0%","28.6%","0.0%","85.6","1.04","2.12","4.15","0.2","3321"
"Hector Neris","Phillies","1","1","2","10","0","7.1","11.05","6.14","0.00",".444","41.2%","44.4%","0.0%","89.4","8.59","2.75","5.15","0.2","11804"
"Johan Oviedo","Cardinals","0","1","0","2","2","10.0","4.50","3.60","0.00",".200","60.0%","36.7%","0.0%","94.4","3.60","3.35","5.51","0.2","22487"
"Aaron Slegers","Rays","0","0","1","4","1","8.0","9.00","0.00","1.13",".261","35.7%","62.5%","16.7%","87.0","5.63","2.78","2.62","0.2","15231"
"Cristian Javier","Astros","3","1","0","7","6","31.0","9.00","3.19","2.03",".194","85.6%","30.8%","17.5%","86.4","3.77","5.15","4.74","0.2","17606"
"Miguel Castro","Orioles","1","0","1","16","0","15.2","13.79","2.87","1.72",".378","85.1%","55.0%","27.3%","92.4","4.02","3.73","2.61","0.2","15684"
"Garrett Richards","Padres","1","2","0","7","7","31.1","7.18","4.02","1.44",".315","73.2%","41.7%","15.6%","89.1","5.17","4.97","4.90","0.2","9784"
"Lou Trivino","Athletics","0","0","0","10","0","13.1","11.48","3.38","0.68",".273","73.5%","44.1%","7.7%","86.9","3.38","2.70","3.64","0.2","15043"
"Travis Lakins","Orioles","2","1","1","12","0","13.0","9.69","4.15","0.69",".351","71.4%","39.5%","12.5%","90.4","3.46","3.62","3.82","0.2","18600"
"Jonathan Loaisiga","Yankees","2","0","0","7","3","16.0","10.13","2.25","1.13",".297","87.2%","48.7%","22.2%","84.9","2.81","3.84","3.32","0.2","19753"
"Amir Garrett","Reds","0","0","0","12","0","11.0","13.91","2.45","1.64",".125","95.2%","44.4%","33.3%","88.8","2.45","3.25","1.95","0.2","14375"
"Nick Wittgren","Indians","1","0","0","13","0","12.1","9.49","1.46","0.73",".281","87.3%","34.4%","10.0%","89.4","2.19","3.07","3.61","0.2","15594"
"Chase Anderson","Blue Jays","0","0","0","4","4","14.2","6.14","2.45","1.23",".319","72.9%","38.8%","11.8%","86.4","3.68","4.59","5.08","0.2","6895"
"Mike Fiers","Athletics","4","1","0","7","7","37.0","5.11","2.68","1.70",".289","75.2%","32.5%","12.5%","88.3","4.86","5.53","6.03","0.2","7754"
"Blake Taylor","Astros","1","0","1","14","0","14.0","9.00","4.50","0.64",".250","96.2%","45.9%","7.1%","85.9","1.29","3.58","4.61","0.2","16418"
"Adam Ottavino","Yankees","2","2","0","13","0","10.0","9.90","5.40","0.00",".240","69.2%","48.0%","0.0%","87.4","3.60","3.05","5.01","0.2","1247"
"Carl Edwards Jr.","Mariners","0","0","1","5","0","4.2","11.57","1.93","0.00",".200","66.7%","60.0%","0.0%","91.6","1.93","1.23","2.90","0.2","13607"
"Michael Wacha","Mets","1","2","0","4","4","17.0","13.24","3.18","2.12",".444","66.9%","34.0%","20.0%","87.5","7.41","4.51","3.75","0.2","14078"
"Cal Quantrill","Padres","2","0","1","9","1","16.1","9.37","3.31","1.10",".341","85.6%","44.4%","13.3%","86.0","2.76","4.13","4.34","0.2","19312"
"Ryan Borucki","Blue Jays","1","1","0","10","0","8.1","15.12","8.64","0.00",".353","78.6%","29.4%","0.0%","87.8","3.24","2.67","4.32","0.2","16350"
"Luke Jackson","Braves","1","0","0","11","0","13.0","6.23","4.15","0.00",".370","65.2%","58.7%","0.0%","89.2","3.46","3.15","4.51","0.2","11752"
"Pierce Johnson","Padres","3","1","0","13","0","11.1","11.12","3.97","0.79",".333","73.5%","32.1%","8.3%","87.5","3.97","3.15","4.08","0.2","13435"
"Martin Perez","Red Sox","2","4","0","7","7","35.1","6.11","3.82","1.27",".248","70.0%","37.7%","12.8%","85.4","4.58","5.08","5.40","0.2","6902"
"J.B. Wendelken","Athletics","1","0","0","11","0","12.1","10.22","3.65","0.73",".286","82.2%","28.6%","6.3%","88.1","2.19","3.15","4.64","0.2","14506"
"Victor Gonzalez","Dodgers","2","0","0","4","0","7.1","8.59","1.23","0.00",".211","83.3%","57.9%","0.0%","86.8","1.23","2.06","3.40","0.2","16408"
"Shawn Armstrong","Orioles","2","0","0","11","0","12.1","8.76","2.19","0.73",".233","66.0%","48.4%","10.0%","87.5","2.19","3.24","3.77","0.2","12857"
"Rowan Wick","Cubs","0","0","4","10","0","9.0","9.00","3.00","1.00",".393","73.5%","31.0%","8.3%","89.2","5.00","3.60","4.76","0.2","14646"
"Tanner Scott","Orioles","0","0","1","14","0","13.0","11.77","4.85","0.69",".160","79.4%","69.2%","16.7%","87.4","2.08","3.62","3.52","0.2","17586"
"Cy Sneed","Astros","0","3","0","12","0","11.2","10.80","4.63","0.77",".400","61.2%","26.5%","5.6%","84.5","3.86","3.41","5.31","0.2","16106"
"Jaime Barria","Angels","0","0","0","2","0","9.1","7.71","2.89","0.00",".200","62.5%","36.0%","0.0%","86.4","2.89","2.40","4.92","0.2","18356"
"Chasen Shreve","Mets","1","0","0","7","0","13.0","12.46","2.08","1.38",".174","80.7%","58.3%","25.0%","89.6","2.77","3.08","2.28","0.2","10855"
"Adrian Houser","Brewers","1","3","0","6","6","33.0","6.55","3.00","1.64",".309","80.8%","64.6%","40.0%","86.3","4.36","5.25","3.77","0.2","12718"
"Rafael Dolis","Blue Jays","1","1","1","15","0","15.0","9.60","5.40","0.60",".282","66.3%","47.2%","7.7%","84.1","2.40","3.69","4.52","0.2","4185"
"Charlie Morton","Rays","1","1","0","4","4","16.2","9.18","2.16","1.62",".353","74.6%","34.0%","13.6%","90.8","5.40","4.53","4.78","0.2","4676"
"Roberto Osuna","Astros","0","0","1","4","0","4.1","6.23","0.00","0.00",".231","66.7%","61.5%","0.0%","83.7","2.08","1.77","2.22","0.2","13764"
"Trent Thornton","Blue Jays","0","0","0","3","3","5.2","9.53","4.76","0.00",".625","61.1%","29.2%","0.0%","89.1","11.12","2.63","5.73","0.2","17948"
"Gregory Soto","Tigers","0","1","0","16","0","15.1","11.74","2.35","1.17",".188","71.4%","50.0%","20.0%","90.4","3.52","3.42","3.00","0.2","19677"
"Richard Bleier","- - -","1","1","0","9","0","6.2","8.10","1.35","0.00",".286","50.0%","71.4%","0.0%","88.3","4.05","2.25","2.25","0.2","7803"
"Andrew Kittredge","Rays","0","0","1","8","1","8.0","3.38","2.25","0.00",".308","80.0%","53.8%","0.0%","92.2","2.25","3.15","4.38","0.2","12828"
"Stefan Crichton","Diamondbacks","2","1","0","14","0","15.0","9.00","4.20","0.60",".325","88.0%","48.8%","6.7%","87.7","2.40","3.82","4.91","0.2","16058"
"Colin Rea","Cubs","0","0","0","6","1","10.1","5.23","0.00","0.87",".243","58.1%","47.4%","9.1%","89.2","4.35","3.25","4.08","0.2","12317"
"Tyler Thornburg","Reds","0","0","0","4","0","5.0","9.00","1.80","0.00",".000","100.0%","10.0%","0.0%","91.6","0.00","1.75","4.88","0.2","10688"
"Nik Turley","Pirates","0","0","1","12","0","11.1","7.15","5.56","0.00",".161","58.3%","36.7%","0.0%","89.5","3.18","3.42","5.66","0.2","5530"
"Matt Wisler","Twins","0","1","0","8","2","14.0","10.29","4.50","1.29",".161","100.0%","21.9%","9.5%","87.6","1.29","4.44","5.52","0.2","12804"
"Andrew Miller","Cardinals","0","1","2","7","0","5.2","9.53","3.18","0.00",".444","70.0%","55.6%","0.0%","90.9","4.76","2.10","4.51","0.2","6785"
"Brett Anderson","Brewers","2","2","0","5","5","23.0","6.65","1.96","1.57",".294","83.3%","62.5%","23.5%","89.4","3.52","4.98","4.17","0.2","8223"
"Taijuan Walker","Mariners","2","2","0","5","5","27.0","8.33","2.67","1.67",".225","76.0%","36.8%","16.1%","89.6","4.00","4.93","4.77","0.2","11836"
"Dylan Covey","Red Sox","0","0","0","4","0","6.1","5.68","0.00","0.00",".364","37.5%","50.0%","0.0%","88.9","7.11","1.89","3.44","0.2","14825"
"Bryan Garcia","Tigers","2","0","0","14","0","12.0","4.50","3.75","0.00",".262","76.5%","47.6%","0.0%","86.9","2.25","3.65","5.45","0.2","19457"
"Dakota Hudson","Cardinals","0","2","0","4","4","19.0","7.58","3.32","1.42",".208","83.3%","51.0%","17.6%","89.3","3.32","4.79","4.48","0.2","19206"
"Jorge Alcala","Twins","1","1","0","7","0","13.0","11.08","3.46","1.38",".310","75.8%","30.0%","14.3%","85.3","3.46","3.85","3.95","0.2","19459"
"Sergio Romo","Twins","0","1","3","12","0","10.2","11.81","3.38","0.84",".250","69.0%","32.0%","8.3%","86.3","4.22","3.44","4.42","0.2","9817"
"Shun Yamaguchi","Blue Jays","1","2","0","8","0","12.2","9.95","5.68","0.71",".233","54.8%","40.0%","7.1%","91.0","4.26","3.87","5.00","0.2","27460"
"Rich Hill","Twins","1","1","0","3","3","12.2","5.68","4.26","0.71",".250","75.3%","43.2%","9.1%","87.4","3.55","4.34","5.01","0.2","4806"
"Taylor Williams","Mariners","0","1","6","13","0","12.2","12.79","4.26","0.71",".333","59.1%","35.5%","6.7%","90.8","6.39","3.47","4.76","0.2","14899"
"Trevor Rosenthal","Royals","0","0","7","14","0","13.2","13.83","4.61","1.32",".280","84.5%","42.3%","18.2%","91.0","3.29","3.74","3.41","0.1","10745"
"Joey Lucchesi","Padres","0","1","0","2","2","5.1","8.44","3.38","0.00",".524","64.3%","33.3%","0.0%","83.2","8.44","2.97","5.17","0.1","19320"
"Kyle Zimmer","Royals","0","0","0","7","1","11.0","10.64","4.91","0.00",".222","84.6%","37.0%","0.0%","87.5","1.64","2.70","4.12","0.1","14169"
"Sean Poppen","Twins","0","0","0","4","0","6.2","12.15","5.40","0.00",".333","77.8%","60.0%","0.0%","88.9","2.70","2.25","3.13","0.1","19583"
"Kyle Gibson","Rangers","1","3","0","6","6","33.0","7.09","3.27","1.64",".307","64.2%","50.0%","27.3%","86.9","5.73","5.31","4.25","0.1","10123"
"Ryan Brasier","Red Sox","0","0","0","12","1","11.1","10.32","4.76","0.79",".375","68.2%","33.3%","9.1%","89.3","5.56","3.60","4.35","0.1","5615"
"Jose Alvarez","Phillies","0","0","0","8","0","6.1","8.53","4.26","0.00",".389","90.0%","50.0%","0.0%","86.3","1.42","2.68","3.61","0.1","5358"
"Triston McKenzie","Indians","1","0","0","2","2","10.0","11.70","3.60","1.80",".158","96.8%","38.1%","18.2%","87.9","2.70","4.35","3.91","0.1","18000"
"Tony Watson","Giants","0","0","0","11","0","9.2","7.45","0.93","0.93",".185","75.8%","50.0%","11.1%","83.7","0.93","3.46","3.94","0.1","3132"
"Enoli Paredes","Astros","1","1","0","12","0","12.2","9.95","4.97","0.71",".294","73.9%","38.2%","10.0%","89.3","3.55","3.87","4.38","0.1","20447"
"Jonathan Holder","Yankees","0","0","0","9","0","10.1","6.10","4.35","0.00",".314","81.3%","54.3%","0.0%","87.4","2.61","3.25","4.58","0.1","16588"
"Codi Heuer","White Sox","1","0","1","9","0","10.0","9.00","2.70","0.90",".200","79.0%","53.8%","20.0%","83.7","2.70","3.35","3.03","0.1","23293"
"Devin Smeltzer","Twins","2","0","0","5","1","13.2","8.56","2.63","1.32",".341","60.4%","35.7%","12.5%","87.6","6.59","4.25","4.64","0.1","19487"
"Javy Guerra","Nationals","0","0","0","12","0","12.0","6.75","3.00","0.75",".342","84.3%","30.8%","5.6%","89.9","3.00","3.74","5.59","0.1","7407"
"Sandy Alcantara","Marlins","1","0","0","1","1","6.2","9.45","2.70","1.35",".143","83.3%","53.3%","16.7%","84.8","1.35","3.90","3.71","0.1","18684"
"Jace Fry","White Sox","0","0","0","9","0","9.1","11.57","2.89","0.96",".417","71.4%","52.0%","16.7%","92.1","4.82","2.94","2.80","0.1","16159"
"Jon Lester","Cubs","2","1","0","6","6","31.2","6.25","1.42","1.99",".260","79.5%","44.9%","15.9%","88.9","4.55","5.30","5.15","0.1","4930"
"Justin Wilson","Mets","1","1","0","11","0","8.2","11.42","4.15","1.04",".423","61.6%","42.3%","12.5%","84.3","7.27","3.50","3.81","0.1","4301"
"Ryan Helsley","Cardinals","0","0","0","2","0","2.2","6.75","0.00","0.00",".000","100.0%","33.3%","0.0%","86.0","0.00","1.65","4.59","0.1","18138"
"Chris Devenski","Astros","0","1","0","2","0","2.0","18.00","4.50","0.00",".667","40.0%","50.0%","0.0%","85.4","13.50","0.65","1.63","0.1","12763"
"Trevor Williams","Pirates","1","5","0","6","6","30.1","7.71","2.97","1.78",".315","72.5%","40.9%","18.2%","86.2","5.34","5.30","4.85","0.1","16977"
"Gio Gonzalez","White Sox","1","1","0","6","4","24.2","9.49","4.74","1.46",".397","77.8%","41.6%","20.0%","85.6","5.11","4.98","4.46","0.1","7448"
"Jordan Weems","Athletics","0","0","0","3","0","6.0","9.00","1.50","0.00",".313","66.7%","40.0%","0.0%","90.9","3.00","1.65","3.28","0.1","13190"
"David Hale","Yankees","0","0","1","5","0","6.0","10.50","4.50","0.00",".438","80.0%","50.0%","0.0%","87.6","3.00","2.32","3.30","0.1","9756"
"Dane Dunning","White Sox","0","0","0","1","1","4.1","14.54","2.08","2.08",".400","65.2%","36.4%","33.3%","91.6","6.23","3.62","1.97","0.1","19409"
"Mike Morin","Marlins","1","0","0","3","0","4.0","4.50","2.25","0.00",".111","100.0%","22.2%","0.0%","93.2","0.00","2.90","4.86","0.1","13442"
"Sam Selman","Giants","1","0","0","13","0","12.0","11.25","3.00","0.75",".259","86.2%","39.3%","10.0%","82.4","2.25","2.99","3.53","0.1","13397"
"James Hoyt","Marlins","0","0","0","11","0","7.1","12.27","2.45","1.23",".250","90.9%","41.2%","14.3%","86.7","2.45","3.43","3.52","0.1","14605"
"Luis Garcia","Rangers","0","1","0","4","0","4.0","11.25","4.50","0.00",".273","60.0%","54.5%","0.0%","94.3","0.00","2.15","4.11","0.1","6984"
"Thomas Hatch","Blue Jays","2","1","0","9","1","15.2","9.77","4.60","1.15",".129","90.2%","42.4%","13.3%","87.9","1.72","4.37","4.58","0.1","19264"
"Wade Miley","Reds","0","3","0","4","4","12.1","8.03","5.84","0.73",".342","62.0%","46.2%","14.3%","83.1","6.57","4.86","4.91","0.1","8779"
"Nick Tropeano","Pirates","0","0","0","1","0","4.0","9.00","0.00","0.00",".273","100.0%","27.3%","0.0%","98.5","0.00","1.15","4.58","0.1","12385"
"Greg Holland","Royals","2","0","1","16","0","16.0","7.31","3.38","0.56",".289","69.4%","53.3%","7.7%","88.7","3.38","4.03","4.81","0.1","7196"
"Edinson Volquez","Rangers","2","1","0","7","0","5.2","4.76","3.18","0.00",".300","55.6%","45.0%","0.0%","82.4","6.35","3.68","5.06","0.1","3990"
"Javier Guerra","Padres","1","0","0","11","0","10.1","9.58","3.48","0.87",".553","46.9%","43.6%","12.5%","91.2","12.19","3.74","3.99","0.1","17292"
"Jared Hughes","Mets","1","1","0","9","0","11.2","7.71","4.63","0.77",".200","71.4%","71.0%","16.7%","82.8","3.09","4.35","4.25","0.1","9325"
"Oliver Drake","Rays","0","2","2","5","0","5.1","6.75","5.06","0.00",".214","50.0%","61.5%","0.0%","84.0","3.38","3.34","4.08","0.1","8823"
"Drew Smith","Mets","0","0","0","7","0","6.0","9.00","0.00","1.50",".250","83.3%","41.2%","12.5%","86.7","3.00","3.32","3.76","0.1","17755"
"Cameron Hill","Indians","1","0","1","12","0","12.2","7.82","2.13","0.71",".133","58.1%","41.9%","6.7%","89.5","3.55","3.63","4.92","0.1","16840"
"Anthony Kay","Blue Jays","2","0","0","7","0","14.1","7.53","5.02","0.63",".231","78.3%","37.5%","5.9%","88.5","3.14","4.06","5.47","0.1","20387"
"Tom Eshelman","Orioles","2","0","0","6","2","19.2","3.66","1.37","1.37",".158","84.8%","41.7%","13.6%","88.4","2.75","4.93","5.14","0.1","18361"
"Austin Gomber","Cardinals","0","0","0","5","0","8.1","6.48","4.32","0.00",".091","100.0%","40.9%","0.0%","87.2","0.00","3.51","5.86","0.1","16561"
"Glenn Sparkman","Royals","0","0","0","4","0","5.0","3.60","1.80","0.00",".375","40.0%","45.8%","0.0%","89.7","5.40","2.95","6.87","0.1","15200"
"Taylor Hearn","Rangers","0","0","0","6","0","7.2","10.57","7.04","0.00",".294","83.3%","41.2%","0.0%","92.6","2.35","3.55","5.33","0.1","18325"
"T.J. McFarland","Athletics","2","0","0","14","0","12.2","3.55","0.71","0.71",".220","100.0%","61.9%","14.3%","91.1","0.71","3.87","3.92","0.1","3237"
"Jorge Lopez","- - -","0","0","0","4","0","9.2","7.45","2.79","0.93",".355","48.0%","50.0%","11.1%","89.6","8.38","4.09","4.56","0.1","14527"
"Darwinzon Hernandez","Red Sox","1","0","0","2","0","4.0","11.25","4.50","0.00",".300","100.0%","50.0%","0.0%","80.1","0.00","2.15","2.64","0.1","19848"
"Pat Venditte","Marlins","0","0","0","3","0","4.1","10.38","0.00","0.00",".125","100.0%","25.0%","0.0%","82.7","0.00","2.23","4.04","0.1","7108"
"Trevor Rogers","Marlins","0","0","0","1","1","4.0","13.50","11.25","0.00",".143","100.0%","42.9%","0.0%","80.4","0.00","3.90","5.37","0.1","22286"
"Luis Cessa","Yankees","0","0","0","8","0","10.2","9.28","0.84","1.69",".267","61.0%","37.5%","13.3%","88.6","4.22","3.81","4.12","0.1","13345"
"Hoby Milner","Angels","0","0","0","11","0","7.0","7.71","2.57","1.29",".125","55.6%","41.2%","14.3%","85.0","3.86","4.15","4.25","0.1","13346"
"Andre Scrubb","Astros","1","0","1","11","0","13.0","9.00","9.00","0.00",".241","95.0%","46.4%","0.0%","85.7","0.69","4.15","5.81","0.1","20329"
"Tommy Kahnle","Yankees","0","0","0","1","0","1.0","27.00","9.00","0.00",".500","100.0%","100.0%","0.0%","101.1","0.00","0.15","0.15","0.1","11384"
"Drew Rasmussen","Brewers","0","0","0","3","0","5.1","8.44","3.38","0.00",".333","71.4%","46.7%","0.0%","88.2","3.38","2.40","2.77","0.1","25385"
"Yonny Chirinos","Rays","0","0","0","3","3","11.1","7.94","3.18","1.59",".353","93.0%","31.4%","16.7%","87.3","2.38","5.27","5.05","0.1","16401"
"Walker Lockett","Mets","1","0","0","2","1","8.0","9.00","3.38","1.13",".348","71.4%","34.8%","12.5%","88.1","5.63","4.65","4.99","0.1","13804"
"Kodi Whitley","Cardinals","0","0","0","2","0","2.2","10.13","0.00","0.00",".000","100.0%","60.0%","0.0%","81.9","0.00","0.90","1.64","0.1","19731"
"Jose Leclerc","Rangers","0","0","1","2","0","2.0","13.50","9.00","0.00",".400","75.0%","0.0%","0.0%","92.9","4.50","3.15","5.11","0.1","14524"
"Jeff Brigham","Marlins","0","0","0","1","0","1.0","0.00","0.00","0.00",".400","50.0%","0.0%","0.0%","86.3","9.00","3.15","10.98","0.1","16631"
"Grant Dayton","Braves","1","0","0","9","0","14.0","10.93","1.93","1.93",".333","87.8%","29.3%","16.7%","86.8","3.21","4.15","3.88","0.1","11203"
"Joey Gerber","Mariners","0","0","0","9","0","8.2","2.08","3.12","0.00",".179","55.6%","35.7%","0.0%","89.4","4.15","4.08","6.79","0.1","24591"
"Hunter Strickland","Mets","0","1","0","3","0","2.1","7.71","0.00","0.00",".455","20.0%","54.5%","0.0%","80.7","11.57","1.44","3.12","0.1","7836"
"Adrian Morejon","Padres","0","0","0","2","2","4.2","13.50","3.86","1.93",".222","55.6%","60.0%","33.3%","78.0","5.79","4.23","2.70","0.1","20039"
"Nick Burdi","Pirates","0","1","1","3","0","2.1","15.43","7.71","0.00",".500","75.0%","25.0%","0.0%","82.9","3.86","2.30","4.81","0.1","16074"
"John Curtiss","Rays","1","0","1","6","1","10.1","6.97","0.87","1.74",".241","97.2%","45.2%","16.7%","94.1","2.61","4.41","4.17","0.1","16128"
"Jose Quintana","Cubs","0","0","0","1","0","3.0","9.00","3.00","0.00",".500","40.0%","50.0%","0.0%","99.7","9.00","2.15","2.81","0.1","11423"
"Chad Green","Yankees","2","2","0","11","0","14.2","12.89","2.45","2.45",".115","92.6%","33.3%","25.0%","89.4","3.68","4.65","3.24","0.1","15552"
"Ian Anderson","Braves","1","0","0","1","1","6.0","9.00","3.00","1.50",".000","100.0%","53.8%","20.0%","90.8","1.50","4.82","4.28","0.1","19951"
"Tyler Kinley","Rockies","0","1","0","13","0","11.1","11.91","7.15","0.79",".280","54.2%","44.0%","10.0%","88.0","7.15","4.30","4.88","0.1","18297"
"Rob Kaminsky","Cardinals","0","0","0","2","0","2.0","9.00","0.00","0.00",".000","100.0%","100.0%","0.0%","87.5","0.00","1.15","1.15","0.1","15792"
"Foster Griffin","Royals","1","0","0","1","0","1.2","5.40","0.00","0.00",".000","100.0%","80.0%","0.0%","73.5","0.00","1.95","3.13","0.1","16432"
"Andrew Chafin","Diamondbacks","1","1","0","11","0","6.2","13.50","5.40","1.35",".444","60.3%","31.6%","14.3%","89.3","8.10","3.90","4.01","0.1","12988"
"Noe Ramirez","Angels","0","0","0","14","0","13.2","7.90","5.93","0.66",".235","79.6%","42.9%","7.1%","86.0","3.29","4.54","5.60","0.1","12800"
"Chris Paddack","Padres","2","3","0","7","7","36.2","8.35","1.72","2.45",".280","78.1%","43.5%","26.3%","89.9","5.15","5.50","3.98","0.1","20099"
"Yusmeiro Petit","Athletics","1","1","0","16","0","13.0","6.92","2.08","1.38",".243","98.2%","35.1%","11.1%","89.2","2.08","4.31","5.02","0.1","4020"
"Tim Hill","Padres","1","0","0","14","0","10.2","11.81","1.69","1.69",".269","78.4%","53.6%","22.2%","86.6","4.22","4.09","3.30","0.1","16814"
"Dellin Betances","Mets","0","0","0","12","0","10.0","6.30","5.40","0.00",".300","64.7%","43.3%","0.0%","82.3","5.40","4.15","5.91","0.1","6216"
"Anthony DeSclafani","Reds","1","1","0","4","4","17.1","5.71","3.63","1.56",".259","67.3%","39.3%","15.8%","89.1","5.71","5.52","5.41","0.1","13050"
"Carlos Rodon","White Sox","0","1","0","2","2","5.2","7.94","4.76","1.59",".353","46.5%","33.3%","14.3%","89.6","9.53","5.27","5.39","0.1","16137"
"Kyle Funkhouser","Tigers","0","1","0","9","0","12.1","5.84","3.65","0.73",".395","60.2%","50.0%","10.0%","90.6","7.30","4.13","4.66","0.1","19456"
"Kris Bubic","Royals","0","4","0","5","5","22.2","7.54","3.97","1.59",".338","68.9%","48.6%","19.0%","86.3","5.96","5.36","4.88","0.1","21455"
"Matt Andriese","Angels","1","1","0","7","1","18.0","9.00","5.00","1.00",".313","55.6%","48.0%","11.8%","89.5","6.50","4.43","4.83","0.1","12022"
"Jairo Diaz","Rockies","1","1","3","14","0","11.2","7.71","6.94","0.00",".390","67.9%","41.0%","0.0%","89.1","3.86","4.53","6.37","0.1","12774"
"Buck Farmer","Tigers","1","0","0","11","0","10.1","4.35","2.61","0.87",".270","63.5%","57.9%","10.0%","89.9","5.23","4.32","4.95","0.1","14814"
"Anthony Banda","Rays","1","0","1","3","0","6.0","4.50","3.00","0.00",".263","50.0%","52.6%","0.0%","89.5","4.50","3.65","5.94","0.0","14706"
"Stephen Strasburg","Nationals","0","1","0","2","2","5.0","3.60","1.80","1.80",".368","39.5%","36.8%","14.3%","90.8","10.80","5.55","5.69","0.0","10131"
"Nabil Crismatt","Cardinals","0","0","0","2","0","2.1","11.57","3.86","0.00",".200","100.0%","40.0%","0.0%","96.5","0.00","1.87","3.55","0.0","17732"
"Jakob Junis","Royals","0","0","0","3","3","12.2","7.11","3.55","1.42",".342","83.3%","50.0%","15.4%","89.4","4.26","5.29","5.24","0.0","13619"
"John Schreiber","Tigers","0","1","0","12","0","11.1","7.15","1.59","1.59",".286","53.6%","41.7%","13.3%","92.5","6.35","4.39","4.68","0.0","20020"
"Robert Stock","Red Sox","0","0","0","3","0","4.1","10.38","8.31","0.00",".571","66.7%","46.2%","0.0%","92.8","6.23","3.62","4.97","0.0","6576"
"Cionel Perez","Astros","0","0","0","2","0","2.2","13.50","6.75","0.00",".200","100.0%","60.0%","0.0%","85.7","0.00","2.40","3.87","0.0","19614"
"Clay Holmes","Pirates","0","0","0","1","0","1.1","6.75","0.00","0.00",".400","100.0%","60.0%","0.0%","75.9","0.00","1.65","3.12","0.0","13649"
"JoJo Romero","Phillies","0","0","0","1","0","1.0","27.00","0.00","0.00",".000","100.0%","0.0%","0.0%","","0.00","-2.85","-2.85","0.0","19574"
"Joe Harvey","Rockies","0","0","0","4","0","3.1","5.40","0.00","0.00",".273","100.0%","36.4%","0.0%","91.7","0.00","2.85","5.79","0.0","16459"
"Wilmer Font","Blue Jays","1","3","0","13","0","9.0","11.00","2.00","2.00",".500","46.5%","30.0%","15.4%","90.8","11.00","4.60","4.54","0.0","5257"
"Travis Bergen","Blue Jays","0","0","0","1","0","1.2","16.20","5.40","0.00",".500","100.0%","100.0%","0.0%","103.1","0.00","1.35","1.35","0.0","18581"
"Jimmy Lambert","White Sox","0","0","0","2","0","2.0","9.00","0.00","0.00",".333","100.0%","33.3%","0.0%","88.5","0.00","1.15","5.07","0.0","19541"
"Kyle Cody","Rangers","0","0","0","2","0","2.0","13.50","4.50","0.00",".333","100.0%","100.0%","0.0%","98.4","0.00","1.65","1.65","0.0","19686"
"Kyle Crick","Pirates","0","0","0","2","0","1.0","18.00","9.00","0.00",".600","0.0%","40.0%","0.0%","66.5","0.00","2.15","2.15","0.0","13182"
"Josh A. Smith","Marlins","1","0","1","9","1","12.2","5.68","4.26","0.71",".293","79.6%","45.2%","7.1%","83.6","2.84","4.34","5.47","0.0","10946"
"Evan Phillips","Orioles","1","1","0","8","0","7.2","10.57","8.22","0.00",".409","72.2%","57.1%","0.0%","85.4","5.87","4.33","5.86","0.0","17734"
"Brandon Waddell","Pirates","0","0","0","2","0","3.1","5.40","5.40","0.00",".200","75.0%","40.0%","0.0%","81.5","2.70","3.75","6.10","0.0","18347"
"Jake Woodford","Cardinals","0","0","0","4","1","10.1","6.10","0.00","1.74",".207","96.2%","58.1%","25.0%","88.2","2.61","4.32","3.31","0.0","18674"
"Michel Baez","Padres","0","0","0","2","0","2.1","15.43","7.71","0.00",".500","40.0%","33.3%","0.0%","90.6","11.57","2.30","3.97","0.0","20100"
"Jarlin Garcia","Giants","1","1","0","8","0","7.1","4.91","6.14","0.00",".182","77.8%","36.4%","0.0%","88.0","0.00","4.11","6.78","0.0","18282"
"Yacksel Rios","Pirates","0","0","0","3","0","4.0","6.75","4.50","0.00",".273","33.3%","54.5%","0.0%","81.5","9.00","3.90","5.37","0.0","15007"
"Wes Benjamin","Rangers","0","0","0","2","0","5.1","8.44","1.69","1.69",".313","53.6%","25.0%","11.1%","89.7","6.75","4.28","5.14","0.0","19243"
"Jason Adam","Cubs","0","1","0","3","0","3.2","22.09","4.91","2.45",".667","71.4%","14.3%","25.0%","94.2","7.36","3.43","2.02","0.0","11861"
"Chris Martin","Braves","0","1","1","7","0","7.0","7.71","1.29","1.29",".118","100.0%","33.3%","12.5%","94.9","1.29","4.15","4.53","0.0","11847"
"Luke Bard","Angels","0","0","0","1","0","1.0","9.00","0.00","0.00",".500","100.0%","50.0%","0.0%","89.7","0.00","1.15","5.07","0.0","14288"
"Casey Mize","Tigers","0","1","0","2","2","7.2","10.57","2.35","2.35",".400","65.6%","51.9%","40.0%","86.2","7.04","5.37","3.26","0.0","20492"
"Joe Kelly","Dodgers","0","0","0","7","0","6.1","7.11","7.11","0.00",".313","100.0%","56.3%","0.0%","86.4","0.00","3.94","4.87","0.0","9761"
"Jesse Hahn","Royals","0","0","0","4","0","4.1","10.38","6.23","0.00",".100","100.0%","60.0%","0.0%","89.0","0.00","3.62","4.97","0.0","13287"
"Brandon Leibrandt","Marlins","0","0","0","3","0","5.1","3.38","5.06","0.00",".071","100.0%","28.6%","0.0%","89.4","0.00","4.09","6.29","0.0","16135"
"Adam Plutko","Indians","1","2","1","6","4","21.0","4.71","2.57","1.71",".284","69.7%","26.8%","13.8%","89.1","5.57","5.58","5.81","0.0","15846"
"Geoff Hartlieb","Pirates","1","0","0","11","0","12.1","7.30","5.84","0.73",".286","79.6%","54.3%","10.0%","89.3","2.92","4.53","5.06","0.0","19558"
"Alex Claudio","Brewers","0","0","1","10","0","9.2","6.52","2.79","0.93",".344","61.6%","43.8%","9.1%","85.9","5.59","4.29","5.17","0.0","12890"
"Matt Davidson","Reds","0","0","0","1","0","1.0","9.00","0.00","0.00",".333","100.0%","33.3%","0.0%","94.2","0.00","1.15","3.11","0.0","7226"
"Jose Ruiz","White Sox","0","0","0","2","0","2.0","4.50","0.00","0.00",".167","100.0%","33.3%","0.0%","82.9","0.00","2.15","5.09","0.0","14552"
"Homer Bailey","Twins","1","0","0","1","1","5.0","7.20","3.60","1.80",".231","87.0%","35.7%","20.0%","87.9","3.60","5.35","4.71","0.0","8362"
"Kevin Ginkel","Diamondbacks","0","1","0","13","0","10.1","10.45","7.84","0.87",".500","69.1%","24.2%","7.7%","89.2","7.84","4.70","5.91","0.0","19876"
"Ty Buttrey","Angels","1","1","4","14","0","16.0","3.38","3.38","0.56",".255","71.4%","50.0%","6.7%","90.3","3.38","4.53","5.55","0.0","14719"
"Jesus Cruz","Cardinals","0","0","0","1","0","1.0","18.00","9.00","0.00",".750","50.0%","0.0%","0.0%","92.6","18.00","2.15","6.07","0.0","20042"
"Sam Howard","Pirates","1","1","0","10","0","10.0","12.60","3.60","1.80",".286","80.4%","21.7%","20.0%","87.0","3.60","4.75","4.11","0.0","16265"
"Chris Mazza","Red Sox","0","1","0","2","1","5.2","11.12","4.76","1.59",".471","75.5%","44.4%","20.0%","85.1","6.35","4.57","4.00","0.0","14151"
"Corey Oswalt","Mets","0","0","0","3","1","12.1","7.30","1.46","2.19",".278","76.3%","38.5%","15.8%","91.3","5.11","5.42","5.28","0.0","13677"
"Sam Coonrod","Giants","0","0","0","6","0","5.1","6.75","5.06","0.00",".235","62.5%","43.8%","0.0%","91.3","5.06","3.90","6.10","0.0","17264"
"Adam Cimber","Indians","0","0","0","8","0","7.2","4.70","1.17","1.17",".208","100.0%","60.0%","11.1%","85.8","1.17","4.20","4.80","0.0","15288"
"Brad Brach","Mets","1","0","0","6","0","6.1","7.11","2.84","1.42",".278","100.0%","36.8%","12.5%","81.8","1.42","4.58","4.99","0.0","6627"
"Sean Reid-Foley","Blue Jays","0","0","0","1","0","1.0","0.00","0.00","0.00",".000","100.0%","66.7%","0.0%","103.5","0.00","3.15","5.11","0.0","17034"
"Josh Sborz","Dodgers","0","0","0","1","0","1.0","9.00","0.00","0.00",".000","100.0%","50.0%","0.0%","95.5","0.00","1.15","3.11","0.0","18323"
"Ryan Sherriff","Rays","1","0","0","1","0","1.0","0.00","0.00","0.00",".000","100.0%","33.3%","0.0%","71.5","0.00","3.15","5.11","0.0","12249"
"Dillon Tate","Orioles","0","0","0","3","0","6.1","9.95","4.26","1.42",".154","65.2%","35.7%","16.7%","90.7","4.26","4.42","4.22","0.0","17796"
"Max Schrock","Cardinals","0","0","0","1","0","1.0","0.00","0.00","0.00",".000","100.0%","33.3%","0.0%","87.3","0.00","3.15","7.07","0.0","17750"
"Cody Stashak","Twins","0","0","0","6","0","7.0","12.86","2.57","2.57",".214","95.2%","31.3%","22.2%","84.4","3.86","4.87","3.67","0.0","18088"
"Craig Stammen","Padres","3","1","0","14","0","13.2","6.59","1.98","1.32",".298","40.7%","59.6%","16.7%","87.2","7.90","4.47","4.29","0.0","7274"
"Corey Kluber","Rangers","0","0","0","1","1","1.0","9.00","9.00","0.00",".000","100.0%","0.0%","0.0%","80.5","0.00","4.15","6.11","0.0","2429"
"Aaron Fletcher","Mariners","0","0","0","3","0","2.1","11.57","11.57","0.00",".167","100.0%","33.3%","0.0%","83.4","0.00","4.44","6.95","0.0","22052"
"David Bednar","Padres","0","0","0","4","0","6.1","7.11","2.84","1.42",".417","60.3%","36.0%","10.0%","93.7","7.11","4.58","5.61","0.0","19569"
"Ljay Newsome","Mariners","0","0","0","2","1","7.0","6.43","0.00","2.57",".200","100.0%","54.5%","28.6%","88.3","2.57","5.44","3.68","0.0","19942"
"Jeremy Beasley","Diamondbacks","0","0","0","1","0","0.1","27.00","0.00","0.00","1.000","100.0%","0.0%","0.0%","83.7","0.00","-2.85","-2.85","0.0","20205"
"Jake Newberry","Royals","0","0","0","9","0","10.0","8.10","5.40","0.90",".333","82.2%","28.6%","8.3%","90.8","1.80","4.45","5.50","0.0","15136"
"Mike Brosseau","Rays","0","0","0","1","0","0.1","27.00","0.00","0.00",".000","100.0%","0.0%","0.0%","","0.00","-2.85","-2.85","0.0","19683"
"Yoshihisa Hirano","Mariners","0","0","0","3","0","3.0","6.00","6.00","0.00",".222","100.0%","55.6%","0.0%","87.6","0.00","3.82","5.78","0.0","19756"
"Mark Melancon","Braves","2","1","5","11","0","10.2","5.06","3.38","0.84",".265","73.5%","54.5%","12.5%","90.6","3.38","4.65","4.90","0.0","4264"
"Stephen Tarpley","Marlins","2","1","1","10","0","9.2","9.31","4.66","0.93",".320","61.6%","50.0%","12.5%","87.4","5.59","4.60","4.88","0.0","15859"
"James Norwood","Cubs","0","0","0","3","0","1.2","0.00","5.40","0.00",".500","40.0%","37.5%","0.0%","91.2","16.20","4.95","7.30","0.0","16440"
"Kyle Keller","Angels","0","0","0","2","0","2.1","3.86","7.71","0.00",".300","60.0%","40.0%","0.0%","82.0","7.71","4.87","8.22","0.0","18890"
"Jedd Gyorko","Brewers","0","0","0","1","0","1.0","0.00","0.00","0.00",".250","100.0%","0.0%","0.0%","86.6","0.00","3.15","7.07","0.0","10816"
"John Ryan Murphy","Pirates","0","0","0","1","0","1.0","0.00","0.00","0.00",".000","100.0%","66.7%","0.0%","96.3","0.00","3.15","5.11","0.0","10346"
"Sam Freeman","Nationals","0","0","0","7","0","5.0","10.80","12.60","0.00",".167","88.9%","41.7%","0.0%","86.3","1.80","4.95","6.91","0.0","6832"
"Carson Kelly","Diamondbacks","0","0","0","1","0","1.0","0.00","0.00","0.00",".250","100.0%","50.0%","0.0%","89.9","0.00","3.15","5.11","0.0","13620"
"Luis Guillorme","Mets","0","0","0","1","0","1.0","0.00","0.00","0.00",".000","100.0%","66.7%","0.0%","84.4","0.00","3.15","5.11","0.0","16451"
"Yimi Garcia","Marlins","0","0","0","2","0","2.2","6.75","10.13","0.00",".250","100.0%","50.0%","0.0%","79.3","0.00","5.03","7.23","0.0","12095"
"Tyler Heineman","Giants","0","0","0","1","0","1.0","0.00","0.00","0.00",".333","100.0%","66.7%","0.0%","87.8","0.00","3.15","3.15","0.0","13897"
"Mike Clevinger","Indians","1","1","0","4","4","22.2","8.34","4.37","1.99",".268","95.8%","36.7%","21.7%","88.7","3.18","5.63","4.74","0.0","12808"
"Ben Braymer","Nationals","0","0","0","1","0","1.1","6.75","6.75","0.00",".571","80.0%","14.3%","0.0%","93.1","6.75","3.90","6.84","0.0","20175"
"Daniel Coulombe","Twins","0","0","0","2","0","2.2","10.13","10.13","0.00",".286","100.0%","28.6%","0.0%","88.6","0.00","4.28","5.75","0.0","13293"
"Carson Fulmer","Tigers","0","0","0","7","0","6.2","9.45","4.05","1.35",".350","66.0%","52.4%","14.3%","90.7","6.75","4.80","4.91","0.0","18311"
"Bryan Holaday","Orioles","0","0","0","1","0","0.1","0.00","0.00","0.00",".667","100.0%","33.3%","0.0%","97.6","0.00","3.15","9.02","0.0","11287"
"Jose Peraza","Red Sox","0","0","0","1","0","0.1","0.00","0.00","0.00",".667","50.0%","0.0%","0.0%","96.6","27.00","3.15","3.15","0.0","13593"
"Mitchell White","Dodgers","0","0","0","1","0","1.0","9.00","9.00","0.00",".333","100.0%","0.0%","0.0%","81.8","0.00","4.15","8.07","0.0","19225"
"Jesus Tinoco","Marlins","0","0","0","2","0","4.0","4.50","6.75","0.00",".000","100.0%","71.4%","0.0%","83.1","0.00","4.40","5.38","0.0","16300"
"Nick Neidert","Marlins","0","0","0","1","0","2.1","0.00","3.86","0.00",".143","100.0%","85.7%","0.0%","94.6","0.00","4.44","4.44","0.0","18699"
"Chad Sobotka","Braves","0","0","0","3","0","3.0","3.00","6.00","0.00",".111","100.0%","22.2%","0.0%","90.3","0.00","4.49","8.40","0.0","17470"
"Neil Walker","Phillies","0","0","0","1","0","0.2","0.00","13.50","0.00",".000","100.0%","0.0%","0.0%","78.2","0.00","7.65","13.52","0.0","7539"
"Jesse Biddle","Reds","0","0","0","1","0","0.2","13.50","13.50","0.00",".500","100.0%","100.0%","0.0%","79.0","0.00","4.65","4.65","0.0","11437"
"Brady Lail","- - -","0","0","0","4","0","6.2","10.80","4.05","1.35",".214","100.0%","33.3%","14.3%","87.4","1.35","4.95","5.06","0.0","14707"
"Cam Bedrosian","Angels","0","0","0","4","0","4.1","6.23","8.31","0.00",".250","85.7%","16.7%","0.0%","90.8","2.08","4.54","7.70","0.0","13360"
"Chad Kuhl","Pirates","1","1","0","6","4","25.0","7.20","3.96","1.80",".180","100.0%","40.0%","18.5%","88.6","2.52","5.47","4.99","0.0","14975"
"Taylor Guilbeau","Mariners","0","0","0","8","0","7.2","3.52","7.04","0.00",".296","92.9%","44.4%","0.0%","89.1","1.17","4.72","6.76","0.0","18306"
"James Bourque","Nationals","0","0","0","2","0","1.1","0.00","6.75","0.00",".200","100.0%","20.0%","0.0%","94.5","0.00","5.40","6.87","0.0","16668"
"Brett Martin","Rangers","0","0","0","5","0","4.2","7.71","11.57","0.00",".091","85.7%","36.4%","0.0%","86.4","1.93","5.30","8.23","0.0","17369"
"Franklyn Kilome","Mets","0","0","1","2","0","7.0","11.57","6.43","1.29",".294","75.5%","44.4%","14.3%","87.6","5.14","5.01","5.11","0.0","17861"
"Anthony Bemboom","Angels","0","0","0","1","0","1.0","0.00","9.00","0.00",".000","100.0%","0.0%","0.0%","91.6","0.00","6.15","12.02","0.0","13854"
"Logan Forsythe","Marlins","0","0","0","1","0","1.0","0.00","9.00","0.00",".400","66.7%","0.0%","0.0%","92.2","9.00","6.15","12.02","0.0","7185"
"Ryne Harper","Nationals","1","0","0","12","0","13.1","10.80","2.70","2.03",".395","63.8%","35.0%","18.8%","86.9","7.43","4.80","4.23","0.0","12680"
"Cory Gearrin","Twins","0","0","0","1","0","2.0","4.50","9.00","0.00",".000","100.0%","25.0%","0.0%","82.0","0.00","5.15","8.09","0.0","7947"
"Ian Hamilton","White Sox","0","0","0","4","0","4.0","9.00","11.25","0.00",".364","77.8%","27.3%","0.0%","89.3","4.50","4.90","6.37","0.0","19261"
"Anibal Sanchez","Nationals","1","3","0","5","5","25.0","6.84","3.24","2.16",".341","73.0%","33.0%","17.1%","89.4","6.48","5.95","5.57","0.0","3284"
"Kevin Plawecki","Red Sox","0","0","0","1","0","0.2","0.00","13.50","0.00",".000","100.0%","0.0%","0.0%","93.8","0.00","7.65","10.59","0.0","13807"
"Robert Gsellman","Mets","0","0","0","3","2","4.2","7.71","3.86","1.93",".412","72.9%","50.0%","16.7%","87.2","7.71","6.15","5.88","0.0","13696"
"Chase De Jong","Astros","0","0","0","1","0","0.2","0.00","13.50","0.00",".333","0.0%","66.7%","0.0%","86.0","27.00","7.65","10.59","0.0","15036"
"Jose Rodriguez","Angels","0","0","0","1","0","1.2","0.00","5.40","0.00",".286","100.0%","28.6%","0.0%","88.2","0.00","4.95","9.65","0.0","17860"
"Justin Verlander","Astros","1","0","0","1","1","6.0","10.50","1.50","3.00",".091","100.0%","61.5%","40.0%","90.4","3.00","5.65","2.95","0.0","8700"
"Will Harris","Nationals","0","1","0","7","0","6.1","9.95","5.68","1.42",".435","73.5%","50.0%","20.0%","90.3","4.26","4.89","4.38","0.0","3192"
"Phillip Diehl","Rockies","0","0","0","5","0","4.2","5.79","1.93","1.93",".286","21.7%","53.3%","20.0%","89.3","9.64","5.30","4.61","0.0","20030"
"Cole Irvin","Phillies","0","1","0","3","0","3.2","9.82","2.45","2.45",".625","47.2%","41.2%","20.0%","90.4","17.18","5.34","4.46","0.0","19244"
"Ben Heller","Yankees","0","0","0","3","0","2.2","6.75","0.00","3.38",".143","100.0%","50.0%","25.0%","83.5","3.38","6.53","4.59","0.0","15100"
"Asher Wojciechowski","Orioles","1","3","0","6","6","26.1","8.20","3.42","2.39",".274","78.0%","32.1%","21.2%","88.7","5.13","6.04","5.04","0.0","10836"
"Kendall Graveman","Mariners","0","2","0","2","2","8.2","10.38","5.19","2.08",".304","44.6%","40.0%","16.7%","93.3","8.31","5.58","5.29","0.0","15514"
"Matthew Boyd","Tigers","0","4","0","6","6","28.2","10.36","3.45","2.51",".373","61.3%","37.4%","22.9%","88.8","8.48","5.84","4.60","0.0","15440"
"Ryan Meisinger","Cardinals","0","0","0","1","0","1.2","10.80","10.80","0.00",".333","100.0%","66.7%","0.0%","82.4","0.00","6.15","6.15","0.0","18105"
"Brooks Kriske","Yankees","0","0","0","2","0","1.1","13.50","20.25","0.00",".333","75.0%","0.0%","0.0%","83.8","6.75","6.90","9.84","0.0","21189"
"David Hess","Orioles","0","0","0","3","0","7.0","1.29","2.57","1.29",".321","66.0%","34.5%","9.1%","89.6","6.43","5.58","6.80","0.0","16130"
"Albert Abreu","Yankees","0","0","0","1","0","1.1","13.50","13.50","0.00",".600","66.7%","40.0%","0.0%","94.3","13.50","6.90","8.37","0.0","17485"
"Scott Alexander","Dodgers","1","0","0","11","0","10.1","7.84","6.10","0.87",".269","80.9%","73.1%","100.0%","89.8","1.74","4.70","3.63","0.0","10591"
"Brian Moran","- - -","1","0","0","7","0","4.2","13.50","11.57","1.93",".417","66.0%","46.2%","33.3%","91.4","9.64","6.80","5.27","0.0","9646"
"Keynan Middleton","Angels","0","1","0","12","0","11.0","9.00","4.09","1.64",".267","65.6%","25.0%","12.5%","87.2","4.91","4.88","5.36","0.0","15264"
"Dominic Leone","Indians","0","0","0","8","0","6.1","17.05","4.26","2.84",".600","71.4%","23.5%","40.0%","88.8","8.53","4.89","2.33","0.0","13763"
"Jose De Leon","Reds","0","0","0","1","0","1.2","16.20","21.60","0.00",".667","0.0%","50.0%","0.0%","82.4","43.20","6.75","6.75","0.0","15463"
"Jordan Holloway","Marlins","0","0","0","1","0","0.1","0.00","27.00","0.00",".667","100.0%","66.7%","0.0%","103.0","0.00","12.15","18.02","0.0","20631"
"Taylor Clarke","Diamondbacks","1","0","0","7","1","19.1","8.38","5.12","1.40",".156","83.3%","56.3%","20.0%","86.7","2.33","5.02","4.52","0.0","17611"
"Josh Fleming","Rays","1","0","0","1","1","5.0","5.40","3.60","1.80",".200","87.0%","43.8%","20.0%","91.9","3.60","5.75","5.11","0.0","20418"
"Dakota Bacus","Nationals","0","0","0","7","0","6.0","7.50","6.00","1.50",".316","62.5%","50.0%","16.7%","86.7","7.50","5.65","5.44","0.0","14545"
"Kirby Yates","Padres","0","1","2","6","0","4.1","16.62","8.31","2.08",".500","52.1%","38.5%","25.0%","86.2","12.46","5.23","4.04","0.0","9073"
"Eric Yardley","Brewers","1","0","0","12","0","11.2","7.71","3.86","1.54",".265","84.5%","61.1%","28.6%","90.5","2.31","5.21","4.16","0.0","15538"
"Nick Nelson","Yankees","1","0","0","4","0","8.2","6.23","5.19","1.04",".321","51.5%","69.0%","25.0%","87.6","7.27","5.00","4.40","0.0","20153"
"Jeurys Familia","Mets","1","0","0","13","0","13.1","9.45","7.43","0.68",".303","75.2%","55.9%","11.1%","84.1","4.73","4.95","5.30","0.0","5114"
"Dany Jimenez","Giants","0","0","0","2","0","1.1","6.75","20.25","0.00",".250","75.0%","50.0%","0.0%","94.1","6.75","8.40","11.34","0.0","21170"
"Brandon Brennan","Mariners","0","0","0","1","0","1.1","0.00","13.50","0.00",".400","75.0%","20.0%","0.0%","90.5","6.75","7.65","10.59","0.0","13527"
"Edgar Garcia","Rays","0","0","1","2","0","1.1","6.75","13.50","0.00",".000","50.0%","100.0%","0.0%","89.0","6.75","6.15","6.15","0.0","19276"
"Ryan Castellani","Rockies","1","1","0","4","4","20.1","6.20","3.10","2.21",".157","93.3%","41.1%","20.8%","92.6","3.54","6.30","5.41","0.0","16377"
"Zack Burdi","White Sox","0","0","0","6","0","6.0","10.50","1.50","3.00",".214","62.5%","43.8%","40.0%","91.8","4.50","5.65","2.95","0.0","19159"
"Nick Goody","Rangers","0","0","1","8","0","5.0","9.00","5.40","1.80",".231","71.4%","42.9%","20.0%","83.8","3.60","5.55","4.91","0.0","13685"
"Brandon Bailey","Astros","0","0","0","5","0","7.1","4.91","3.68","1.23",".238","93.0%","31.8%","9.1%","86.1","2.45","5.47","6.63","0.0","19582"
"Dovydas Neverauskas","Pirates","0","3","0","11","0","11.0","11.45","4.09","2.45",".400","44.3%","54.5%","33.3%","91.6","9.00","5.52","3.57","0.0","11604"
"Austin Davis","Phillies","0","0","0","4","0","3.0","6.00","3.00","3.00",".563","41.7%","58.8%","50.0%","91.8","21.00","7.15","4.13","0.0","17117"
"Daniel Hudson","Nationals","1","2","6","11","0","11.0","13.09","2.45","2.45",".200","64.1%","13.0%","20.0%","93.2","5.73","5.15","4.28","0.0","7146"
"Robert Dugger","Marlins","0","0","0","1","1","3.1","5.40","2.70","2.70",".385","35.7%","28.6%","14.3%","93.0","10.80","6.75","6.96","0.0","19191"
"Griffin Canning","Angels","0","3","0","6","6","27.2","7.48","3.90","1.95",".305","73.0%","33.3%","15.4%","89.8","4.88","5.72","5.66","0.0","19867"
"Austin Voth","Nationals","0","3","0","5","5","21.2","6.23","3.74","2.08",".309","66.7%","32.9%","16.1%","88.2","6.65","6.29","6.09","0.0","15047"
"Daniel Mengden","Athletics","0","1","0","4","1","12.1","7.30","5.11","1.46",".316","88.5%","40.0%","11.1%","92.4","3.65","5.59","6.33","0.0","16980"
"Ian Gibaut","Rangers","0","1","0","14","0","12.1","10.22","6.57","1.46",".273","60.4%","44.1%","20.0%","90.3","6.57","5.42","4.90","0.0","17871"
"Jake Odorizzi","Twins","0","1","0","3","3","10.0","8.10","1.80","2.70",".355","62.5%","42.4%","27.3%","89.4","8.10","6.15","4.41","0.0","6397"
"Dillon Maples","Cubs","0","0","0","2","0","1.0","9.00","36.00","0.00",".250","40.0%","25.0%","0.0%","90.6","18.00","13.15","15.11","0.0","14672"
"Gabe Speier","Royals","0","1","0","8","0","5.2","9.53","6.35","1.59",".421","69.0%","45.0%","25.0%","89.1","7.94","5.45","4.54","0.0","17170"
"Cody Carroll","Orioles","0","0","0","3","0","2.0","13.50","22.50","0.00",".750","20.0%","33.3%","0.0%","96.5","54.00","9.15","12.09","-0.1","17664"
"Seth Elledge","Cardinals","1","0","0","3","0","4.0","18.00","11.25","2.25",".400","90.9%","20.0%","33.3%","94.2","4.50","6.15","4.37","-0.1","19766"
"Wil Crowe","Nationals","0","1","0","1","1","3.2","4.91","4.91","2.45",".385","60.6%","21.4%","12.5%","91.3","9.82","7.25","7.97","-0.1","19800"
"Michael King","Yankees","1","1","0","4","1","13.2","7.90","3.29","1.98",".200","50.9%","44.7%","17.6%","87.4","6.59","5.57","5.15","-0.1","19853"
"Ken Giles","Blue Jays","0","0","1","2","0","1.2","16.20","21.60","0.00",".333","60.0%","0.0%","0.0%","87.6","10.80","6.75","9.10","-0.1","12910"
"Brad Boxberger","Marlins","0","0","0","13","0","10.0","9.00","3.60","1.80",".259","100.0%","55.2%","22.2%","91.1","1.80","4.95","4.11","-0.1","10133"
"Ramon Rosso","Phillies","0","0","0","5","0","5.2","9.53","7.94","1.59",".375","66.0%","5.9%","10.0%","93.7","7.94","5.98","7.14","-0.1","20368"
"Pedro Baez","Dodgers","0","0","1","11","0","11.1","6.35","3.97","1.59",".161","76.1%","36.4%","11.8%","88.1","3.97","5.36","6.00","-0.1","5420"
"Chance Adams","Royals","0","0","0","1","0","1.2","5.40","0.00","5.40",".429","38.5%","25.0%","20.0%","93.2","16.20","9.75","7.82","-0.1","18135"
"James Kaprielian","Athletics","0","0","0","1","0","2.0","4.50","4.50","4.50",".000","100.0%","16.7%","20.0%","91.2","4.50","10.15","8.54","-0.1","18331"
"Dan Winkler","Cubs","0","0","0","10","0","10.1","7.84","7.84","0.87",".130","87.3%","56.5%","14.3%","83.3","2.61","5.57","5.64","-0.1","12237"
"Riley Smith","Diamondbacks","0","0","0","1","0","2.0","4.50","0.00","4.50",".167","0.0%","71.4%","50.0%","90.9","9.00","8.65","4.11","-0.1","19826"
"Angel Perdomo","Brewers","0","0","0","3","0","2.2","16.88","23.63","0.00",".500","36.4%","80.0%","0.0%","86.3","20.25","8.40","9.14","-0.1","17759"
"Anthony Castro","Tigers","0","0","0","1","0","1.0","9.00","9.00","9.00",".000","0.0%","0.0%","50.0%","72.6","18.00","17.15","8.07","-0.1","19789"
"Brady Singer","Royals","1","3","0","6","6","29.2","8.19","3.64","2.12",".263","76.2%","48.3%","25.9%","89.9","5.16","5.62","4.33","-0.1","25377"
"Brandon Kintzler","Marlins","1","2","6","12","0","12.1","5.11","2.19","1.46",".225","89.3%","59.5%","22.2%","86.6","2.92","4.86","4.18","-0.1","9939"
"Matt Strahm","Padres","0","1","0","13","0","15.1","5.28","0.00","1.76",".103","100.0%","45.2%","18.8%","86.2","1.76","5.31","4.80","-0.1","13799"
"Humberto Castellanos","Astros","0","0","0","5","0","6.2","6.75","4.05","1.35",".286","66.0%","36.4%","12.5%","88.8","6.75","5.85","6.25","-0.1","21183"
"Austin Brice","Red Sox","1","0","0","14","1","14.1","11.93","5.02","1.88",".300","53.6%","45.5%","21.4%","88.0","7.53","5.11","4.30","-0.1","17237"
"Junior Fernandez","Cardinals","0","0","0","2","0","2.0","9.00","9.00","4.50",".625","30.3%","22.2%","33.3%","92.9","27.00","10.65","7.09","-0.1","18496"
"Yohan Ramirez","Mariners","0","0","0","7","0","12.0","14.25","9.75","1.50",".150","92.6%","13.6%","12.5%","88.5","3.00","5.65","6.10","-0.1","19444"
"Rico Garcia","Giants","0","1","0","9","0","6.0","4.50","3.00","1.50",".458","71.4%","44.0%","12.5%","91.7","7.50","5.32","5.76","-0.1","20023"
"Mike Montgomery","Royals","0","0","0","1","1","2.0","4.50","0.00","4.50",".400","0.0%","54.5%","33.3%","91.5","13.50","8.65","5.09","-0.1","4869"
"Heath Hembree","- - -","2","0","0","14","0","13.0","9.69","3.46","2.08",".258","76.3%","38.2%","15.8%","88.2","4.85","5.15","5.01","-0.1","11632"
"Cody Ponce","Pirates","1","1","0","3","1","9.0","5.00","3.00","2.00",".231","97.6%","42.9%","13.3%","88.9","2.00","5.93","6.30","-0.1","17920"
"Dylan Cease","White Sox","4","2","0","6","6","31.2","6.25","3.41","1.99",".253","84.8%","34.0%","17.5%","88.8","3.13","5.97","5.56","-0.1","18525"
"Alex Wood","Dodgers","0","1","0","1","1","3.0","12.00","9.00","3.00",".286","65.2%","75.0%","100.0%","89.4","9.00","7.82","4.14","-0.1","13781"
"Caleb Baragar","Giants","3","1","0","14","0","14.0","6.43","1.29","1.93",".211","40.8%","22.0%","12.0%","92.1","6.43","5.15","5.86","-0.1","19231"
"Cole Sulser","Orioles","1","3","5","11","0","14.2","8.59","6.14","1.23",".118","53.0%","38.2%","13.3%","85.1","3.68","5.06","5.29","-0.1","15256"
"Diego Castillo","Rays","2","0","2","14","0","12.2","10.66","4.97","1.42",".120","98.0%","55.6%","22.2%","84.3","2.13","4.73","4.07","-0.1","17496"
"Ehire Adrianza","Twins","0","0","0","1","0","1.0","0.00","0.00","9.00",".000","100.0%","25.0%","50.0%","96.2","9.00","19.15","10.07","-0.1","8418"
"Pedro Strop","Reds","0","0","0","4","0","2.1","11.57","23.14","0.00",".167","57.1%","50.0%","0.0%","79.4","3.86","8.30","10.81","-0.1","4070"
"Erick Fedde","Nationals","1","2","0","6","3","22.2","2.38","3.97","1.19",".265","81.2%","54.1%","15.8%","90.4","3.57","5.67","5.59","-0.1","17425"
"Matt Shoemaker","Blue Jays","0","1","0","5","5","25.2","8.77","2.45","2.81",".177","74.3%","46.4%","30.8%","87.7","4.91","6.08","4.01","-0.1","4776"
"Yoan Lopez","Diamondbacks","0","0","0","9","0","9.0","9.00","5.00","2.00",".348","73.8%","60.0%","25.0%","92.6","6.00","5.71","4.56","-0.1","17181"
"Keone Kela","Pirates","0","0","0","3","0","2.0","13.50","4.50","4.50",".400","100.0%","50.0%","33.3%","97.0","4.50","8.15","4.59","-0.1","14696"
"Randy Rosario","Royals","0","1","0","3","0","1.2","10.80","16.20","0.00",".400","83.3%","40.0%","0.0%","86.7","5.40","7.95","9.13","-0.1","14508"
"Nick Mears","Pirates","0","0","0","4","0","5.0","12.60","12.60","1.80",".273","83.3%","41.7%","25.0%","93.4","5.40","7.15","6.12","-0.1","25376"
"Tyler Bashlor","Pirates","0","0","0","4","0","4.2","9.64","5.79","1.93",".300","52.6%","81.8%","50.0%","93.1","9.64","7.01","5.06","-0.1","15203"
"Conner Menez","Giants","1","0","0","7","0","11.1","6.35","3.97","1.59",".138","87.0%","30.0%","12.5%","85.1","2.38","5.63","6.09","-0.1","19199"
"Andrew Triggs","Giants","0","1","0","1","0","0.1","0.00","81.00","0.00",".000","0.0%","0.0%","0.0%","89.1","81.00","30.15","36.02","-0.1","13533"
"Daniel Castano","Marlins","0","2","0","4","4","15.1","4.70","4.70","1.76",".265","80.8%","46.2%","18.8%","89.4","4.11","6.22","5.72","-0.1","19805"
"Carlos Sanabria","Astros","0","0","0","2","0","2.0","9.00","13.50","4.50",".333","87.0%","14.3%","20.0%","96.3","9.00","12.15","10.54","-0.1","16634"
"Richard Lovelady","Royals","0","0","0","1","0","1.0","0.00","9.00","9.00",".000","100.0%","33.3%","50.0%","94.3","9.00","19.15","10.07","-0.1","19337"
"Kevin McCarthy","Royals","0","0","0","5","0","6.0","3.00","3.00","1.50",".391","86.2%","45.8%","16.7%","86.7","4.50","6.15","5.94","-0.1","15240"
"Kyle Hart","Red Sox","0","1","0","3","3","9.0","12.00","10.00","2.00",".500","49.6%","32.3%","15.4%","89.1","13.00","6.71","6.65","-0.1","19646"
"Reynaldo Lopez","White Sox","0","1","0","3","3","8.0","9.00","6.75","2.25",".348","63.4%","39.1%","18.2%","86.3","9.00","7.03","6.47","-0.1","16400"
"David McKay","Tigers","0","0","0","1","0","0.1","0.00","27.00","27.00",".000","0.0%","0.0%","100.0%","100.2","54.00","51.15","18.02","-0.1","19814"
"Joseph Palumbo","Rangers","0","1","0","2","0","2.1","19.29","11.57","3.86",".400","65.2%","33.3%","50.0%","85.0","11.57","8.30","4.40","-0.1","17035"
"Matt Hall","Red Sox","0","1","0","2","1","4.2","9.64","7.71","1.93",".400","37.7%","31.3%","14.3%","90.2","15.43","7.01","7.16","-0.1","18076"
"Jhoulys Chacin","Braves","1","0","0","2","0","5.0","5.40","5.40","1.80",".294","65.8%","16.7%","11.1%","84.4","7.20","6.35","7.27","-0.1","2608"
"Luke Farrell","Rangers","0","0","0","3","0","3.1","16.20","10.80","2.70",".500","58.1%","50.0%","33.3%","98.7","13.50","7.95","5.81","-0.1","15101"
"Junior Guerra","Diamondbacks","1","0","0","13","0","11.2","6.94","6.94","0.77",".188","76.9%","59.4%","14.3%","82.4","3.86","5.30","5.36","-0.1","5702"
"Joe Biagini","Astros","0","0","0","4","0","4.1","8.31","8.31","2.08",".500","31.8%","47.4%","25.0%","93.4","20.77","7.08","5.88","-0.1","13194"
"Seth Romero","Nationals","0","0","0","3","0","2.2","16.88","10.13","3.38",".556","65.8%","44.4%","33.3%","77.3","13.50","7.65","4.98","-0.1","21333"
"J.P. Feyereisen","Brewers","0","0","0","2","0","3.0","3.00","9.00","3.00",".125","83.3%","22.2%","16.7%","87.1","6.00","9.82","9.40","-0.1","16610"
"Ryne Stanek","Marlins","0","0","0","1","0","1.0","9.00","9.00","9.00",".500","38.5%","25.0%","50.0%","93.3","27.00","17.15","8.07","-0.1","15947"
"Kelvin Herrera","White Sox","0","0","0","2","0","2.1","11.57","3.86","7.71",".200","0.0%","14.3%","66.7%","91.6","15.43","13.01","4.38","-0.1","6033"
"James Pazos","Rockies","0","0","0","5","0","4.2","1.93","9.64","1.93",".313","41.7%","29.4%","16.7%","91.9","13.50","8.73","8.45","-0.1","13323"
"Alex Reyes","Cardinals","1","0","0","6","1","6.1","11.37","11.37","1.42",".231","56.6%","30.8%","12.5%","89.7","5.68","6.47","6.89","-0.1","15015"
"Juan Nicasio","Rangers","0","0","0","2","0","1.1","6.75","13.50","6.75",".571","17.9%","25.0%","25.0%","81.5","40.50","15.90","12.02","-0.1","7731"
"Trevor Kelley","Phillies","0","0","0","4","0","3.1","13.50","2.70","5.40",".545","80.7%","30.8%","40.0%","87.8","10.80","8.85","3.99","-0.1","18454"
"Reggie McClain","Phillies","0","0","0","4","0","4.1","2.08","4.15","2.08",".316","52.6%","55.0%","20.0%","85.8","4.15","7.08","6.33","-0.1","19311"
"Keegan Akin","Orioles","0","0","0","2","0","3.1","2.70","2.70","2.70",".100","38.5%","45.5%","20.0%","86.2","8.10","8.25","7.29","-0.1","19362"
"Sam Gaviglio","Blue Jays","0","1","0","4","0","3.0","3.00","15.00","0.00",".273","62.5%","9.1%","0.0%","95.8","9.00","7.49","11.40","-0.1","12778"
"Jose Alvarado","Rays","0","0","0","9","0","9.0","13.00","6.00","2.00",".318","70.4%","41.7%","25.0%","87.1","6.00","5.82","4.67","-0.1","17780"
"Michael Feliz","Pirates","0","0","0","3","0","1.2","10.80","10.80","5.40",".500","17.9%","28.6%","50.0%","92.5","32.40","13.95","8.50","-0.1","11903"
"Chris Rusin","Braves","0","0","0","1","0","3.1","8.10","8.10","2.70",".500","79.0%","36.4%","20.0%","94.4","8.10","7.95","6.99","-0.1","9895"
"Eric Lauer","Brewers","0","2","0","3","2","9.1","9.64","5.79","1.93",".419","49.5%","18.2%","12.5%","88.8","12.54","6.37","6.94","-0.1","19316"
"Adam Morgan","Phillies","0","0","0","10","0","7.1","13.50","2.45","3.68",".412","89.7%","35.0%","42.9%","90.1","6.14","6.29","2.84","-0.1","12580"
"Jimmy Herget","Rangers","0","0","0","10","0","10.0","6.30","8.10","0.90",".222","76.9%","35.7%","11.1%","87.6","4.50","6.05","6.51","-0.1","17556"
"Will Smith","Braves","2","0","0","6","0","5.2","7.94","1.59","3.18",".000","100.0%","35.7%","25.0%","88.2","3.18","6.51","4.68","-0.1","8048"
"Luis Avilan","Yankees","0","0","0","10","0","8.1","9.72","5.40","2.16",".304","89.3%","44.0%","22.2%","87.5","4.32","5.91","4.91","-0.1","2882"
"Josh D. Smith","Marlins","0","0","0","2","0","1.2","21.60","5.40","5.40",".500","83.3%","33.3%","100.0%","76.6","10.80","11.55","4.93","-0.1","13629"
"Hansel Robles","Angels","0","1","1","12","0","11.0","11.45","4.09","2.45",".406","44.9%","29.4%","18.8%","87.4","10.64","5.79","5.09","-0.1","11801"
"Brad Wieck","Cubs","0","0","0","1","0","1.0","18.00","9.00","9.00",".000","0.0%","0.0%","50.0%","91.8","18.00","15.15","6.07","-0.1","16390"
"Matt Grace","Diamondbacks","0","1","0","3","0","1.0","18.00","18.00","9.00",".800","17.9%","40.0%","33.3%","92.1","54.00","18.15","11.02","-0.1","11449"
"Joel Kuhnel","Reds","0","0","0","1","0","1.0","9.00","0.00","18.00",".000","100.0%","0.0%","50.0%","95.6","18.00","27.15","8.98","-0.1","19995"
"Vince Velasquez","Phillies","0","0","0","4","3","13.0","12.46","5.54","2.77",".333","69.0%","25.8%","28.6%","93.5","7.62","6.69","4.80","-0.1","11189"
"Bryse Wilson","Braves","0","0","0","1","0","1.2","10.80","21.60","5.40",".000","87.0%","33.3%","50.0%","101.3","10.80","17.55","12.10","-0.1","19990"
"Ricardo Sanchez","Cardinals","0","0","0","3","0","5.1","6.75","8.44","1.69",".250","72.9%","29.4%","14.3%","88.9","6.75","7.47","7.60","-0.1","17581"
"Tanner Roark","Blue Jays","2","1","0","5","5","22.0","6.95","5.32","2.05",".313","80.7%","38.2%","20.8%","88.3","4.91","6.34","5.52","-0.1","8753"
"Andrew Suarez","Giants","0","0","0","3","0","3.1","5.40","8.10","2.70",".455","92.1%","41.7%","25.0%","95.6","5.40","8.55","7.00","-0.1","18300"
"Luis Perdomo","Padres","0","0","0","8","1","14.1","8.16","5.65","1.88",".231","65.5%","59.5%","30.0%","89.7","5.65","5.95","4.59","-0.1","14682"
"Jordan Lyles","Rangers","1","3","0","6","5","24.1","5.92","4.81","1.85",".337","52.5%","33.7%","13.5%","91.7","9.25","6.24","6.54","-0.1","7593"
"Wandy Peralta","Giants","1","1","0","16","0","14.2","9.20","4.30","1.84",".293","58.5%","48.8%","25.0%","87.7","5.52","5.40","4.35","-0.1","14295"
"Josh Taylor","Red Sox","0","1","0","4","0","3.1","8.10","5.40","2.70",".300","35.7%","27.3%","14.3%","94.3","13.50","7.95","8.16","-0.1","17359"
"Carlos Martinez","Cardinals","0","1","0","1","1","3.2","4.91","2.45","4.91",".333","38.5%","47.1%","33.3%","89.1","14.73","9.97","6.08","-0.1","11682"
"Wade LeBlanc","Orioles","1","0","0","6","6","22.1","5.24","3.22","2.42",".280","58.0%","35.0%","19.4%","86.1","8.06","6.69","5.91","-0.1","5221"
"Brett Eibner","Marlins","0","0","0","2","0","1.1","6.75","27.00","6.75",".250","65.2%","40.0%","100.0%","90.1","20.25","20.40","12.12","-0.1","11369"
"Joe Musgrove","Pirates","0","3","0","3","3","14.2","10.43","6.75","2.45",".314","74.8%","38.5%","26.7%","86.5","6.75","6.84","5.29","-0.1","12970"
"Touki Toussaint","Braves","0","1","0","6","4","21.2","11.63","5.40","2.08",".294","58.1%","37.0%","29.4%","89.6","7.89","6.06","4.60","-0.1","16929"
"Spencer Howard","Phillies","0","1","0","3","3","11.2","8.49","3.86","3.09",".385","81.5%","32.6%","23.5%","89.6","6.17","7.01","5.40","-0.1","23252"
"Tarik Skubal","Tigers","0","1","0","2","2","4.1","12.46","4.15","4.15",".571","78.4%","12.5%","25.0%","94.8","10.38","8.46","6.07","-0.1","22267"
"Cody Reed","Reds","0","1","0","9","0","9.1","9.64","7.71","1.93",".320","80.3%","37.0%","28.6%","86.9","5.79","6.69","5.37","-0.1","15232"
"Kyle Wright","Braves","0","3","0","4","4","15.0","7.20","9.60","1.20",".333","69.5%","42.6%","16.7%","85.8","7.20","6.49","6.32","-0.1","19665"
"Paul Sewald","Mets","0","0","0","5","0","6.0","3.00","6.00","1.50",".407","51.3%","32.1%","12.5%","85.4","13.50","7.15","7.60","-0.1","13892"
"Logan Allen","Indians","0","0","0","2","0","7.2","3.52","7.04","1.17",".320","82.2%","57.7%","12.5%","90.3","4.70","6.81","7.15","-0.1","18555"
"Mitch Keller","Pirates","1","1","0","2","2","7.2","3.52","4.70","2.35",".227","97.6%","45.8%","16.7%","93.1","3.52","7.33","7.00","-0.1","17594"
"Alex Vesia","Marlins","0","1","0","1","0","0.2","13.50","13.50","13.50",".000","0.0%","0.0%","50.0%","93.5","27.00","24.15","10.52","-0.1","25007"
"Matt Harvey","Royals","0","1","0","2","2","5.2","9.53","6.35","3.18",".412","58.8%","31.6%","25.0%","93.3","11.12","7.74","5.92","-0.1","11713"
"Luis Patino","Padres","0","0","0","7","0","11.1","9.53","7.94","1.59",".267","82.4%","28.1%","11.1%","88.5","4.76","6.24","7.05","-0.1","22815"
"Rex Brothers","Cubs","0","0","0","2","0","2.1","19.29","11.57","7.71",".000","90.9%","25.0%","100.0%","99.3","11.57","13.87","4.40","-0.1","9794"
"Robbie Erlin","- - -","0","0","0","6","3","18.0","10.00","2.50","3.00",".227","75.3%","22.0%","19.4%","88.4","6.00","6.43","5.47","-0.1","10354"
"Bryan Abreu","Astros","0","0","0","4","0","3.1","8.10","18.90","0.00",".125","80.0%","37.5%","0.0%","85.8","2.70","9.45","11.21","-0.1","16609"
"Steve Cishek","White Sox","0","0","0","13","0","10.2","6.75","3.38","1.69",".324","69.8%","38.9%","14.3%","89.7","6.75","6.06","6.19","-0.1","6483"
"Ivan Nova","Tigers","1","1","0","4","4","19.0","4.26","4.26","1.89",".273","51.2%","56.7%","20.0%","90.2","8.53","6.37","5.69","-0.1","1994"
"Shohei Ohtani","Angels","0","1","0","2","2","1.2","16.20","43.20","0.00",".600","36.4%","50.0%","0.0%","97.5","37.80","13.95","15.13","-0.1","19755"
"Dan Altavilla","Mariners","1","2","1","13","0","11.2","10.80","5.40","2.31",".300","54.1%","33.3%","21.4%","89.6","7.71","5.90","4.90","-0.1","16507"
"Chi Chi Gonzalez","Rockies","0","0","0","1","1","3.0","9.00","3.00","6.00",".375","95.2%","30.0%","50.0%","96.9","9.00","11.82","5.76","-0.1","14663"
"Tyler Webb","Cardinals","1","1","0","10","0","9.0","5.00","4.00","2.00",".214","87.0%","44.8%","18.2%","83.6","4.00","6.27","5.77","-0.1","14974"
"Caleb Smith","Marlins","0","0","0","1","1","3.0","9.00","18.00","3.00",".000","100.0%","0.0%","20.0%","94.3","3.00","11.49","10.41","-0.1","14875"
"Alex Young","Diamondbacks","1","1","0","10","3","23.0","9.39","1.96","2.74",".246","87.9%","43.3%","26.9%","87.2","4.70","5.81","4.06","-0.1","18333"
"Beau Burrows","Tigers","0","0","0","4","0","5.1","3.38","1.69","3.38",".067","90.9%","52.9%","28.6%","89.0","5.06","8.40","6.10","-0.2","18873"
"Humberto Mejia","Marlins","0","2","0","3","3","10.0","9.90","5.40","2.70",".357","76.0%","29.0%","18.8%","93.0","5.40","6.95","6.18","-0.2","20739"
"Aroldis Chapman","Yankees","0","1","0","2","0","1.0","18.00","9.00","9.00",".667","38.5%","0.0%","50.0%","82.7","27.00","15.15","6.07","-0.2","10233"
"Tyson Miller","Cubs","0","0","0","1","1","2.0","0.00","13.50","4.50",".000","76.9%","57.1%","100.0%","96.0","9.00","14.15","8.63","-0.2","19976"
"Huascar Ynoa","Braves","0","0","0","4","2","8.1","6.48","6.48","2.16",".269","90.2%","57.1%","25.0%","86.2","4.32","6.99","5.75","-0.2","20468"
"Brooks Raley","- - -","0","0","0","11","0","11.1","12.71","3.97","2.38",".280","65.2%","42.9%","30.0%","83.4","7.15","5.89","4.17","-0.2","10061"
"Nick Pivetta","Phillies","0","0","0","3","0","5.2","6.35","1.59","4.76",".350","25.6%","26.1%","25.0%","89.1","15.88","9.68","6.94","-0.2","15454"
"Sterling Sharp","Marlins","0","0","0","4","0","5.1","5.06","8.44","1.69",".316","51.7%","65.0%","33.3%","84.1","10.13","7.84","6.50","-0.2","19671"
"Duane Underwood Jr.","Cubs","1","0","0","8","0","10.2","12.66","3.38","3.38",".348","61.4%","29.6%","28.6%","93.1","8.44","6.62","4.32","-0.2","14677"
"Taylor Widener","Diamondbacks","0","1","0","10","0","18.1","9.82","4.91","1.96",".195","82.5%","35.6%","17.4%","86.8","4.42","5.94","5.55","-0.2","19266"
"Luke Weaver","Diamondbacks","1","4","0","6","6","24.1","10.36","3.33","2.96",".338","66.0%","33.3%","22.9%","90.0","7.77","6.36","4.90","-0.2","16918"
"Bryan Shaw","Mariners","1","0","0","6","0","6.0","6.00","9.00","1.50",".462","43.0%","55.6%","14.3%","90.2","18.00","7.49","7.60","-0.2","8110"
"Nick Vincent","Marlins","1","2","2","10","0","11.1","3.18","1.59","1.59",".257","80.4%","40.5%","18.2%","88.6","3.97","5.54","5.14","-0.2","7555"
"Justin Shafer","Marlins","0","0","0","5","0","5.2","7.94","6.35","3.18",".333","49.0%","0.0%","14.3%","89.2","12.71","8.63","8.87","-0.2","16132"
"Bobby Wahl","Brewers","0","1","0","3","0","2.1","3.86","0.00","7.71",".250","83.3%","11.1%","33.3%","95.6","11.57","13.44","7.33","-0.2","14832"
"Ashton Goudeau","Rockies","0","0","0","3","0","4.2","0.00","3.86","5.79",".400","79.6%","47.8%","50.0%","93.0","11.57","12.80","6.95","-0.2","15139"
"Casey Sadler","Cubs","0","0","0","10","0","9.1","8.68","7.71","1.93",".240","75.8%","46.2%","33.3%","86.8","5.79","6.58","5.05","-0.2","11209"
"Ryan Thompson","Rays","1","1","0","14","1","16.1","4.96","3.86","1.65",".296","82.6%","64.9%","30.0%","84.1","3.31","5.73","4.54","-0.2","16647"
"Aaron Loup","Rays","3","2","0","13","0","13.2","6.59","1.98","1.98",".231","70.3%","33.3%","25.0%","86.9","3.95","5.64","4.51","-0.2","10343"
"Genesis Cabrera","Cardinals","2","1","0","6","0","7.1","11.05","4.91","2.45",".071","32.3%","25.0%","22.2%","88.3","4.91","6.70","5.55","-0.2","17490"
"Patrick Sandoval","Angels","0","4","0","5","5","22.2","5.96","3.18","2.38",".284","60.2%","51.3%","26.1%","90.2","6.75","6.33","4.87","-0.2","19447"
"Jeffrey Springs","Red Sox","0","1","0","6","0","8.2","10.38","2.08","3.12",".469","59.5%","32.4%","25.0%","88.7","11.42","6.39","4.59","-0.2","17677"
"Zack Godley","Red Sox","0","3","0","6","5","21.0","9.00","5.14","2.14",".369","72.2%","40.0%","17.2%","87.1","7.29","6.25","5.86","-0.2","14862"
"Justin Dunn","Mariners","2","1","0","5","5","21.0","6.43","5.14","2.14",".200","69.6%","30.8%","16.1%","91.3","5.57","6.68","6.47","-0.2","19268"
"Matt Magill","Mariners","0","1","0","11","0","10.1","9.58","5.23","2.61",".240","74.1%","42.9%","25.0%","91.1","6.10","6.54","5.04","-0.2","3950"
"Sean Newcomb","Braves","0","2","0","4","4","13.2","6.59","3.95","2.63",".340","51.3%","36.0%","20.0%","87.3","11.20","7.47","6.53","-0.2","16943"
"Sean Gilmartin","Rays","0","0","0","2","0","4.1","10.38","8.31","4.15",".385","85.4%","40.0%","28.6%","89.9","8.31","9.62","6.78","-0.2","12781"
"Robert Stephenson","Reds","0","0","0","4","0","2.1","15.43","0.00","11.57",".400","0.0%","25.0%","75.0%","89.5","19.29","16.44","3.08","-0.2","13594"
"Jose Suarez","Angels","0","2","0","2","2","2.1","7.71","19.29","3.86",".643","41.1%","53.3%","50.0%","91.2","38.57","14.73","10.83","-0.2","19911"
"Miguel Del Pozo","Pirates","0","0","0","5","0","3.2","4.91","19.64","0.00",".467","53.3%","46.7%","0.0%","97.9","17.18","8.61","10.21","-0.2","18792"
"Ryan Buchter","Angels","2","0","0","9","0","5.0","14.40","9.00","3.60",".300","83.3%","16.7%","40.0%","93.9","5.40","8.15","4.91","-0.2","9456"
"Drew Anderson","White Sox","0","1","0","1","0","1.1","13.50","13.50","13.50",".500","0.0%","0.0%","50.0%","88.2","40.50","24.15","10.52","-0.2","15130"
"Craig Kimbrel","Cubs","0","0","1","9","0","7.1","15.95","11.05","2.45",".308","70.4%","40.0%","28.6%","97.0","8.59","7.65","5.98","-0.2","6655"
"Deolis Guerra","Phillies","1","3","0","9","0","7.1","9.82","2.45","3.68",".333","51.0%","54.2%","37.5%","85.9","8.59","7.93","4.74","-0.2","8410"
"Nivaldo Rodriguez","Astros","0","1","0","4","0","4.2","5.79","5.79","3.86",".421","78.4%","42.9%","33.3%","91.2","7.71","9.37","6.31","-0.2","22449"
"Dereck Rodriguez","Giants","0","0","0","2","0","4.0","4.50","6.75","4.50",".471","68.6%","10.5%","18.2%","90.0","13.50","10.90","9.78","-0.2","14509"
"Michael Lorenzen","Reds","1","1","0","10","0","12.1","7.30","5.11","2.19",".278","63.3%","36.8%","20.0%","86.9","7.30","6.40","5.61","-0.2","14843"
"Justin Grimm","Brewers","0","0","0","4","0","4.2","11.57","7.71","7.71",".385","54.1%","17.6%","44.4%","90.9","17.36","14.30","6.93","-0.2","11720"
"Tyler Alexander","Tigers","1","1","0","8","1","20.1","9.74","2.21","2.66",".277","86.7%","50.9%","35.3%","88.1","4.87","6.15","3.95","-0.2","17735"
"Colten Brewer","Red Sox","0","2","0","10","3","21.2","8.72","4.98","2.08",".295","82.8%","53.0%","29.4%","88.0","4.57","6.02","4.55","-0.2","12997"
"Nate Pearson","Blue Jays","0","0","0","4","4","16.1","7.71","6.61","2.76",".186","55.6%","35.4%","22.7%","88.6","6.61","7.62","6.28","-0.2","20160"
"Ronald Bolanos","Royals","0","2","0","2","2","3.2","4.91","7.36","4.91",".462","54.4%","53.3%","50.0%","92.4","12.27","12.43","7.47","-0.3","20041"
"Jordan Yamamoto","Marlins","0","1","0","3","3","8.2","10.38","5.19","4.15",".462","64.9%","23.3%","23.5%","92.8","11.42","8.58","6.41","-0.3","17585"
"Kyle Ryan","Cubs","0","0","1","11","0","9.2","7.45","2.79","3.72",".296","85.1%","51.6%","44.4%","91.1","6.52","7.81","4.25","-0.3","11753"
"Emilio Pagan","Padres","0","1","2","14","0","14.0","7.07","5.79","1.93",".194","67.6%","28.2%","13.6%","88.4","5.79","6.30","6.59","-0.3","14771"
"Mike Foltynewicz","Braves","0","1","0","1","1","3.1","8.10","10.80","8.10",".167","52.6%","44.4%","60.0%","85.1","16.20","16.65","7.89","-0.3","10811"
"Connor Brogdon","Phillies","0","0","0","3","0","2.2","10.13","10.13","10.13",".167","71.4%","33.3%","60.0%","89.0","16.88","18.90","7.95","-0.3","21205"
"Lewis Thorpe","Twins","0","1","0","6","1","14.2","5.52","5.52","2.45",".348","81.2%","34.7%","19.0%","87.3","6.14","7.31","6.57","-0.3","15906"
"J.A. Happ","Yankees","1","1","0","3","3","12.2","4.26","7.11","2.84",".167","76.4%","30.0%","18.2%","91.0","6.39","8.68","7.97","-0.3","7410"
"Jorge Guzman","Marlins","0","0","0","1","0","1.0","0.00","9.00","18.00",".000","100.0%","20.0%","100.0%","95.5","18.00","35.15","13.07","-0.3","17505"
"John Means","Orioles","0","2","0","5","5","14.2","6.75","1.84","3.68",".233","55.6%","38.8%","27.3%","88.1","8.59","8.00","5.61","-0.3","16269"
"Nate Jones","Reds","0","1","0","12","0","9.1","10.61","2.89","3.86",".375","87.7%","39.3%","36.4%","92.7","6.75","7.65","4.39","-0.3","4696"
"Steven Matz","Mets","0","4","0","5","5","23.0","9.00","2.35","3.52",".318","55.6%","33.8%","32.1%","90.0","9.00","7.02","4.32","-0.3","13361"
"Dennis Santana","Dodgers","1","2","0","10","0","14.0","10.29","4.50","2.57",".294","69.0%","31.6%","25.0%","86.1","6.43","6.51","5.03","-0.3","17878"
"Erik Swanson","Mariners","0","2","0","6","0","5.1","11.81","1.69","5.06",".333","17.2%","26.7%","37.5%","93.6","15.19","9.53","5.15","-0.3","16587"
"Ross Stripling","Dodgers","3","1","0","6","6","29.2","7.28","2.43","3.03",".270","69.0%","32.0%","25.0%","92.4","5.46","6.83","5.08","-0.3","13273"
"Rony Garcia","Tigers","1","0","0","7","2","12.1","5.11","2.19","3.65",".211","77.8%","38.1%","33.3%","90.6","5.84","8.02","5.13","-0.3","20430"
"Sean Doolittle","Nationals","0","1","0","5","0","3.0","6.00","6.00","9.00",".364","83.3%","0.0%","42.9%","96.9","15.00","16.82","8.38","-0.3","1581"
"Daniel Ponce de Leon","Cardinals","0","3","0","5","4","12.2","12.08","9.95","2.84",".222","73.5%","36.7%","28.6%","90.0","7.82","8.37","6.42","-0.3","16110"
"Marcus Walden","Red Sox","0","1","0","9","0","9.0","7.00","8.00","3.00",".379","56.2%","40.6%","33.3%","91.8","12.00","8.60","6.22","-0.3","8004"
"Brandon Bielak","Astros","3","2","0","7","5","23.1","6.56","5.79","2.31",".234","73.4%","40.6%","22.2%","85.6","5.40","7.10","6.02","-0.3","19866"
"Julio Teheran","Angels","0","2","0","5","4","17.2","5.60","3.57","3.06",".298","57.5%","29.0%","25.0%","87.4","9.17","7.68","5.92","-0.3","6797"
"Josh Osich","Red Sox","0","1","0","11","1","13.2","11.85","3.29","3.95",".226","84.9%","45.9%","46.2%","86.8","6.59","7.54","3.70","-0.4","11528"
"Shaun Anderson","Giants","0","0","0","13","0","10.1","9.58","9.58","2.61",".217","87.8%","38.5%","27.3%","90.1","5.23","7.99","6.30","-0.4","19453"
"Derek Holland","Pirates","1","2","0","6","5","28.1","9.85","4.13","3.18",".290","68.8%","33.3%","29.4%","93.7","7.62","7.25","5.01","-0.4","4141"
"Hector Rondon","Diamondbacks","1","0","0","13","0","10.1","9.58","6.10","3.48",".355","57.5%","34.3%","25.0%","90.3","10.45","8.38","6.38","-0.4","2391"
"Roel Ramirez","Cardinals","0","0","0","1","0","0.2","13.50","13.50","54.00","1.000","71.4%","33.3%","133.3%","102.0","81.00","82.65","13.46","-0.4","16470"
"Corey Knebel","Brewers","0","0","0","9","0","6.2","9.45","5.40","5.40",".368","85.1%","21.7%","30.8%","90.2","9.45","10.65","6.67","-0.4","15010"
"Matt Barnes","Red Sox","1","2","2","12","0","12.0","11.25","6.75","2.25",".286","67.4%","37.9%","37.5%","92.5","6.00","6.65","4.71","-0.4","12863"
"Wade Davis","Rockies","0","1","2","3","0","2.2","3.38","10.13","6.75",".125","31.3%","40.0%","40.0%","79.7","16.88","15.53","9.45","-0.4","7441"
"Jeff Samardzija","Giants","0","2","0","3","3","13.2","3.29","2.63","3.95",".250","51.3%","20.8%","18.8%","88.1","9.88","9.45","8.32","-0.4","3254"
"Madison Bumgarner","Diamondbacks","0","3","0","4","4","17.1","6.75","3.63","3.63",".250","56.6%","23.7%","21.2%","91.0","9.35","8.81","7.28","-0.4","5524"
"Ryan Weber","Red Sox","0","2","0","8","3","24.0","4.13","4.13","2.25",".256","73.4%","52.4%","24.0%","90.3","6.00","6.86","5.65","-0.4","10160"
"Michael Fulmer","Tigers","0","0","0","5","5","14.1","6.91","4.40","3.77",".341","72.8%","44.0%","33.3%","93.2","8.79","8.74","5.75","-0.4","13218"
"Tyler Zuber","Royals","1","1","0","13","0","12.1","8.03","8.76","2.19",".258","85.9%","44.1%","27.3%","89.0","5.11","7.70","6.28","-0.4","20379"
"Zack Littell","Twins","0","0","0","6","0","6.1","4.26","4.26","7.11",".368","100.0%","29.2%","45.5%","87.8","9.95","14.37","7.50","-0.4","15823"
"Robbie Ray","Diamondbacks","1","4","0","7","7","31.0","12.48","9.00","2.61",".314","71.4%","19.2%","19.6%","92.7","7.84","7.25","6.38","-0.4","11486"
"Josh James","Astros","0","0","0","7","2","10.2","10.97","11.81","3.38",".308","65.4%","33.3%","26.7%","87.9","10.97","9.81","7.69","-0.5","16794"
"Joe Jimenez","Tigers","1","1","5","11","0","9.2","8.38","4.66","3.72",".333","48.6%","35.5%","28.6%","93.3","12.10","8.84","6.30","-0.5","15761"
"Zac Grotz","Mariners","0","0","0","4","0","6.0","4.50","10.50","4.50",".278","72.5%","38.1%","37.5%","89.6","12.00","13.65","9.76","-0.6","18256"
"Nestor Cortes","Mariners","0","1","0","5","1","7.2","9.39","7.04","7.04",".273","51.7%","37.0%","50.0%","87.0","15.26","14.37","7.26","-0.6","17874"
"Ian Kennedy","Royals","0","2","0","14","1","13.2","9.88","3.29","4.61",".278","68.2%","35.7%","33.3%","94.0","7.90","8.93","5.28","-0.6","6986"
"Jesse Chavez","Rangers","0","0","0","12","0","11.1","7.15","3.18","4.76",".281","75.5%","37.8%","37.5%","87.7","8.74","9.51","5.39","-0.7","5448"
"Trevor Gott","Giants","1","2","4","11","0","8.2","5.19","6.23","6.23",".160","58.1%","19.4%","27.3%","93.5","12.46","13.42","9.39","-1.1","15046"
