Position,Name + ID,Name,ID,Roster Position,Salary,Game Info,TeamAbbrev,AvgPointsPerGame
SP,Shane Bieber (15252375),Shane Bieber,15252375,P,11000,CLE@KC 09/01/2020 08:05PM ET,CLE,33.76
SP,Lucas Giolito (15252243),Lucas Giolito,15252243,P,10400,CWS@MIN 09/01/2020 08:10PM ET,CWS,24.86
SP,Carlos Carrasco (15252032),Carlos Carrasco,15252032,P,10300,CLE@KC 09/01/2020 08:05PM ET,CLE,17.17
SP,Corey Kluber (15252069),Corey Kluber,15252069,P,10200,TEX@HOU 09/01/2020 08:10PM ET,TEX,3.65
SP,Zack Greinke (15252021),Zack Greinke,15252021,P,9900,TEX@HOU 09/01/2020 08:10PM ET,HOU,17.34
SP,Kenta Maeda (15252059),Kenta Maeda,15252059,P,9600,CWS@MIN 09/01/2020 08:10PM ET,MIN,23.54
SP,Cristian Javier (15252393),Cristian Javier,15252393,P,9500,TEX@HOU 09/01/2020 08:10PM ET,HOU,14.08
SP,Aaron Civale (15252382),Aaron Civale,15252382,P,9400,CLE@KC 09/01/2020 08:05PM ET,CLE,19.34
SP,Lance Lynn (15252083),Lance Lynn,15252083,P,9200,TEX@HOU 09/01/2020 08:10PM ET,TEX,24.4
SP,Jake Odorizzi (15252080),Jake Odorizzi,15252080,P,9000,CWS@MIN 09/01/2020 08:10PM ET,MIN,4.1
SP,Lance McCullers Jr. (15252240),Lance McCullers Jr.,15252240,P,8900,TEX@HOU 09/01/2020 08:10PM ET,HOU,12.31
SP,Dylan Cease (15252340),Dylan Cease,15252340,P,8800,CWS@MIN 09/01/2020 08:10PM ET,CWS,13.77
SP,Dallas Keuchel (15252109),Dallas Keuchel,15252109,P,8700,CWS@MIN 09/01/2020 08:10PM ET,CWS,16.64
SP,Josh James (15252352),Josh James,15252352,P,8700,TEX@HOU 09/01/2020 08:10PM ET,HOU,1.11
RP,Lewis Thorpe (15252314),Lewis Thorpe,15252314,P,8400,CWS@MIN 09/01/2020 08:10PM ET,MIN,2.05
RP,Zach Plesac (15252376),Zach Plesac,15252376,P,8300,CLE@KC 09/01/2020 08:05PM ET,CLE,28.28
RP,Brandon Bielak (15252430),Brandon Bielak,15252430,P,8300,TEX@HOU 09/01/2020 08:10PM ET,HOU,6.9
SP,Jose Berrios (15252238),Jose Berrios,15252238,P,8200,CWS@MIN 09/01/2020 08:10PM ET,MIN,13.8
RP,Randy Dobnak (15252489),Randy Dobnak,15252489,P,8200,CWS@MIN 09/01/2020 08:10PM ET,MIN,11.57
RP,Framber Valdez (15252368),Framber Valdez,15252368,P,8100,TEX@HOU 09/01/2020 08:10PM ET,HOU,21.98
SP,Michael Pineda (15252079),Michael Pineda,15252079,P,7900,CWS@MIN 09/01/2020 08:10PM ET,MIN,0
SP,German Marquez (15252229),German Marquez,15252229,P,7800,SF@COL 09/01/2020 08:40PM ET,COL,14.8
SP,Homer Bailey (15252034),Homer Bailey,15252034,P,7800,CWS@MIN 09/01/2020 08:10PM ET,MIN,15.65
SP,Gio Gonzalez (15252028),Gio Gonzalez,15252028,P,7500,CWS@MIN 09/01/2020 08:10PM ET,CWS,9.12
SP,Jakob Junis (15252216),Jakob Junis,15252216,P,7500,CLE@KC 09/01/2020 08:05PM ET,KC,7.77
SP,Johnny Cueto (15252044),Johnny Cueto,15252044,P,7400,SF@COL 09/01/2020 08:40PM ET,SF,13.07
SP,Andrew Suarez (15252197),Andrew Suarez,15252197,P,7400,SF@COL 09/01/2020 08:40PM ET,SF,0.7
SP,Drew Smyly (15252147),Drew Smyly,15252147,P,7300,SF@COL 09/01/2020 08:40PM ET,SF,9.38
RP,Sam Coonrod (15252326),Sam Coonrod,15252326,P,7300,SF@COL 09/01/2020 08:40PM ET,SF,1.96
SP,Rich Hill (15252022),Rich Hill,15252022,P,7300,CWS@MIN 09/01/2020 08:10PM ET,MIN,8.05
RP,Richard Lovelady (15252452),Richard Lovelady,15252452,P,7300,CLE@KC 09/01/2020 08:05PM ET,KC,-0.95
SP,Brock Burke (15252334),Brock Burke,15252334,P,7300,TEX@HOU 09/01/2020 08:10PM ET,TEX,0
SP,Kyle Freeland (15252214),Kyle Freeland,15252214,P,7200,SF@COL 09/01/2020 08:40PM ET,COL,12.79
RP,Conner Menez (15252453),Conner Menez,15252453,P,7200,SF@COL 09/01/2020 08:40PM ET,SF,4.61
RP,Jordan Lyles (15252082),Jordan Lyles,15252082,P,7200,TEX@HOU 09/01/2020 08:10PM ET,TEX,2.09
RP,Taylor Hearn (15252248),Taylor Hearn,15252248,P,7200,TEX@HOU 09/01/2020 08:10PM ET,TEX,3.29
RP,Matt Wisler (15252215),Matt Wisler,15252215,P,7000,CWS@MIN 09/01/2020 08:10PM ET,MIN,6.43
SP,Rico Garcia (15252457),Rico Garcia,15252457,P,6900,SF@COL 09/01/2020 08:40PM ET,SF,0.12
SP,Brad Keller (15252287),Brad Keller,15252287,P,6900,CLE@KC 09/01/2020 08:05PM ET,KC,18.08
SP,Edinson Volquez (15252027),Edinson Volquez,15252027,P,6900,TEX@HOU 09/01/2020 08:10PM ET,TEX,1.91
SP,Logan Webb (15252337),Logan Webb,15252337,P,6800,SF@COL 09/01/2020 08:40PM ET,SF,11.36
RP,Ross Detwiler (15252060),Ross Detwiler,15252060,P,6800,CWS@MIN 09/01/2020 08:10PM ET,CWS,4.80
SP,Brady Singer (15252392),Brady Singer,15252392,P,6800,CLE@KC 09/01/2020 08:05PM ET,KC,10.83
SP,Kolby Allard (15252387),Kolby Allard,15252387,P,6800,TEX@HOU 09/01/2020 08:10PM ET,TEX,7.14
SP,Antonio Senzatela (15252233),Antonio Senzatela,15252233,P,6700,SF@COL 09/01/2020 08:40PM ET,COL,14.79
SP,Danny Duffy (15252065),Danny Duffy,15252065,P,6700,CLE@KC 09/01/2020 08:05PM ET,KC,15.91
RP,Brett Martin (15252338),Brett Martin,15252338,P,6700,TEX@HOU 09/01/2020 08:10PM ET,TEX,2.46
SP,Kevin Gausman (15252150),Kevin Gausman,15252150,P,6600,SF@COL 09/01/2020 08:40PM ET,SF,16.75
SP,Triston McKenzie (15252390),Triston McKenzie,15252390,P,6600,CLE@KC 09/01/2020 08:05PM ET,CLE,20.55
SP,Jeff Hoffman (15252268),Jeff Hoffman,15252268,P,6500,SF@COL 09/01/2020 08:40PM ET,COL,3.44
SP,Peter Lambert (15252391),Peter Lambert,15252391,P,6500,SF@COL 09/01/2020 08:40PM ET,COL,0
RP,Tyler Clippard (15252026),Tyler Clippard,15252026,P,6500,CWS@MIN 09/01/2020 08:10PM ET,MIN,3.65
RP,Cory Gearrin (15252070),Cory Gearrin,15252070,P,6500,CWS@MIN 09/01/2020 08:10PM ET,MIN,5.3
RP,Mike Montgomery (15252081),Mike Montgomery,15252081,P,6500,CLE@KC 09/01/2020 08:05PM ET,KC,-2.5
SP,Kyle Zimmer (15252220),Kyle Zimmer,15252220,P,6500,CLE@KC 09/01/2020 08:05PM ET,KC,4.92
RP,Glenn Sparkman (15252295),Glenn Sparkman,15252295,P,6500,CLE@KC 09/01/2020 08:05PM ET,KC,0.81
RP,Heath Fillmyer (15252299),Heath Fillmyer,15252299,P,6500,CLE@KC 09/01/2020 08:05PM ET,KC,0
RP,Ronald Bolanos (15252467),Ronald Bolanos,15252467,P,6500,CLE@KC 09/01/2020 08:05PM ET,KC,-2.48
SP,Kris Bubic (15252473),Kris Bubic,15252473,P,6500,CLE@KC 09/01/2020 08:05PM ET,KC,9.13
SP,Jeff Samardzija (15252050),Jeff Samardzija,15252050,P,6400,SF@COL 09/01/2020 08:40PM ET,SF,-1.22
SP,Tyler Anderson (15252168),Tyler Anderson,15252168,P,6400,SF@COL 09/01/2020 08:40PM ET,SF,8.29
RP,Jonathan Hernandez (15252274),Jonathan Hernandez,15252274,P,6400,TEX@HOU 09/01/2020 08:10PM ET,TEX,5.28
SP,Jon Gray (15252153),Jon Gray,15252153,P,6300,SF@COL 09/01/2020 08:40PM ET,COL,8.34
SP,Tyler Beede (15252187),Tyler Beede,15252187,P,6300,SF@COL 09/01/2020 08:40PM ET,SF,0
SP,Chi Chi Gonzalez (15252269),Chi Chi Gonzalez,15252269,P,6300,SF@COL 09/01/2020 08:40PM ET,COL,6.88
RP,Devin Smeltzer (15252351),Devin Smeltzer,15252351,P,6300,CWS@MIN 09/01/2020 08:10PM ET,MIN,6.43
SP,Cal Quantrill (15252301),Cal Quantrill,15252301,P,6300,CLE@KC 09/01/2020 08:05PM ET,CLE,5.8
OF,Nelson Cruz (15252020),Nelson Cruz,15252020,OF,6200,CWS@MIN 09/01/2020 08:10PM ET,MIN,10.26
SP,Kyle Gibson (15252102),Kyle Gibson,15252102,P,6100,TEX@HOU 09/01/2020 08:10PM ET,TEX,9.76
SP,Trevor Cahill (15252049),Trevor Cahill,15252049,P,5900,SF@COL 09/01/2020 08:40PM ET,SF,12.51
OF,Charlie Blackmon (15252085),Charlie Blackmon,15252085,OF,5900,SF@COL 09/01/2020 08:40PM ET,COL,9.06
SP,Adam Plutko (15252149),Adam Plutko,15252149,P,5900,CLE@KC 09/01/2020 08:05PM ET,CLE,4.88
OF,Mike Yastrzemski (15252120),Mike Yastrzemski,15252120,OF,5800,SF@COL 09/01/2020 08:40PM ET,SF,10.19
SP,Reynaldo Lopez (15252266),Reynaldo Lopez,15252266,P,5800,CWS@MIN 09/01/2020 08:10PM ET,CWS,2.6
SS,Trevor Story (15252185),Trevor Story,15252185,SS,5700,SF@COL 09/01/2020 08:40PM ET,COL,10.91
3B,Nolan Arenado (15252106),Nolan Arenado,15252106,3B,5600,SF@COL 09/01/2020 08:40PM ET,COL,7.85
SS,Tim Anderson (15252275),Tim Anderson,15252275,SS,5600,CWS@MIN 09/01/2020 08:10PM ET,CWS,10.84
1B,Jose Abreu (15252101),Jose Abreu,15252101,1B,5500,CWS@MIN 09/01/2020 08:10PM ET,CWS,10.6
OF,Whit Merrifield (15252141),Whit Merrifield,15252141,OF,5500,CLE@KC 09/01/2020 08:05PM ET,KC,9.54
RP,Jorge Alcala (15252371),Jorge Alcala,15252371,P,5400,CWS@MIN 09/01/2020 08:10PM ET,MIN,6.43
3B,Jose Ramirez (15252202),Jose Ramirez,15252202,3B,5400,CLE@KC 09/01/2020 08:05PM ET,CLE,10
RP,Jose Leclerc (15252180),Jose Leclerc,15252180,P,5400,TEX@HOU 09/01/2020 08:10PM ET,TEX,3.05
RP,Joe Palumbo (15252300),Joe Palumbo,15252300,P,5400,TEX@HOU 09/01/2020 08:10PM ET,TEX,2.82
3B,Yoan Moncada (15252365),Yoan Moncada,15252365,3B,5300,CWS@MIN 09/01/2020 08:10PM ET,CWS,7.83
SP,Matt Harvey (15252068),Matt Harvey,15252068,P,5300,CLE@KC 09/01/2020 08:05PM ET,KC,1.48
SS,Francisco Lindor (15252184),Francisco Lindor,15252184,SS,5300,CLE@KC 09/01/2020 08:05PM ET,CLE,7.51
OF,Yordan Alvarez (15252464),Yordan Alvarez,15252464,OF,5300,TEX@HOU 09/01/2020 08:10PM ET,HOU,13.5
SP,Anthony Banda (15252212),Anthony Banda,15252212,P,5200,SF@COL 09/01/2020 08:40PM ET,SF,0.39
SP,Ryan Castellani (15252332),Ryan Castellani,15252332,P,5200,SF@COL 09/01/2020 08:40PM ET,COL,8.45
2B/SS,Leury Garcia (15252099),Leury Garcia,15252099,2B/SS,5100,CWS@MIN 09/01/2020 08:10PM ET,CWS,6.69
3B,Alex Bregman (15252260),Alex Bregman,15252260,3B,5100,TEX@HOU 09/01/2020 08:10PM ET,HOU,8.46
1B,Miguel Sano (15252144),Miguel Sano,15252144,1B,5000,CWS@MIN 09/01/2020 08:10PM ET,MIN,7.91
2B,Jose Altuve (15252091),Jose Altuve,15252091,2B,5000,TEX@HOU 09/01/2020 08:10PM ET,HOU,6.66
C,Mitch Garver (15252170),Mitch Garver,15252170,C,4900,CWS@MIN 09/01/2020 08:10PM ET,MIN,3.82
OF,Eloy Jimenez (15252358),Eloy Jimenez,15252358,OF,4900,CWS@MIN 09/01/2020 08:10PM ET,CWS,9.15
SP,Shaun Anderson (15252310),Shaun Anderson,15252310,P,4800,SF@COL 09/01/2020 08:40PM ET,SF,1.68
C,Yasmani Grandal (15252071),Yasmani Grandal,15252071,C,4800,CWS@MIN 09/01/2020 08:10PM ET,CWS,7.12
SS,Jorge Polanco (15252143),Jorge Polanco,15252143,SS,4800,CWS@MIN 09/01/2020 08:10PM ET,MIN,6.23
1B,Yuli Gurriel (15252319),Yuli Gurriel,15252319,1B,4800,TEX@HOU 09/01/2020 08:10PM ET,HOU,8.22
2B,Donovan Solano (15252037),Donovan Solano,15252037,2B,4700,SF@COL 09/01/2020 08:40PM ET,SF,7.23
OF,Luis Robert (15252468),Luis Robert,15252468,OF,4700,CWS@MIN 09/01/2020 08:10PM ET,CWS,9.88
SS,Carlos Correa (15252236),Carlos Correa,15252236,SS,4700,TEX@HOU 09/01/2020 08:10PM ET,HOU,6.85
OF,Joey Gallo (15252239),Joey Gallo,15252239,OF,4700,TEX@HOU 09/01/2020 08:10PM ET,TEX,7.55
RP,Ian Gibaut (15252363),Ian Gibaut,15252363,P,4700,TEX@HOU 09/01/2020 08:10PM ET,TEX,1.80
SP,Ian Kennedy (15252047),Ian Kennedy,15252047,P,4600,CLE@KC 09/01/2020 08:05PM ET,KC,1.19
1B/2B,Ryan McMahon (15252277),Ryan McMahon,15252277,1B/2B,4500,SF@COL 09/01/2020 08:40PM ET,COL,7
SP,Dane Dunning (15252308),Dane Dunning,15252308,P,4500,CWS@MIN 09/01/2020 08:10PM ET,CWS,19.4
C,Salvador Perez (15252075),Salvador Perez,15252075,C,4500,CLE@KC 09/01/2020 08:05PM ET,KC,7.77
OF,Kyle Tucker (15252385),Kyle Tucker,15252385,OF,4500,TEX@HOU 09/01/2020 08:10PM ET,HOU,10.28
OF,Max Kepler (15252159),Max Kepler,15252159,OF,4400,CWS@MIN 09/01/2020 08:10PM ET,MIN,7.65
C,James McCann (15252166),James McCann,15252166,C,4400,CWS@MIN 09/01/2020 08:10PM ET,CWS,8.18
C,Martin Maldonado (15252030),Martin Maldonado,15252030,C,4400,TEX@HOU 09/01/2020 08:10PM ET,HOU,6.89
OF,George Springer (15252139),George Springer,15252139,OF,4400,TEX@HOU 09/01/2020 08:10PM ET,HOU,7.77
OF,Hunter Dozier (15252272),Hunter Dozier,15252272,OF,4300,CLE@KC 09/01/2020 08:05PM ET,KC,8.63
3B,Evan Longoria (15252046),Evan Longoria,15252046,3B,4200,SF@COL 09/01/2020 08:40PM ET,SF,7.77
1B,Brandon Belt (15252051),Brandon Belt,15252051,1B,4200,SF@COL 09/01/2020 08:40PM ET,SF,7.43
1B/2B,Wilmer Flores (15252094),Wilmer Flores,15252094,1B/2B,4200,SF@COL 09/01/2020 08:40PM ET,SF,8.22
OF,Garrett Hampson (15252303),Garrett Hampson,15252303,OF,4200,SF@COL 09/01/2020 08:40PM ET,COL,6.21
2B,Cesar Hernandez (15252122),Cesar Hernandez,15252122,2B,4200,CLE@KC 09/01/2020 08:05PM ET,CLE,7.26
OF,Jorge Soler (15252246),Jorge Soler,15252246,OF,4200,CLE@KC 09/01/2020 08:05PM ET,KC,7.91
OF,Austin Slater (15252217),Austin Slater,15252217,OF,4100,SF@COL 09/01/2020 08:40PM ET,SF,8.84
OF,Eddie Rosario (15252148),Eddie Rosario,15252148,OF,4100,CWS@MIN 09/01/2020 08:10PM ET,MIN,7.71
1B,Carlos Santana (15252043),Carlos Santana,15252043,1B,4100,CLE@KC 09/01/2020 08:05PM ET,CLE,7.17
OF,Franmil Reyes (15252231),Franmil Reyes,15252231,OF,4100,CLE@KC 09/01/2020 08:05PM ET,CLE,8.35
RP,Jesse Chavez (15252023),Jesse Chavez,15252023,P,4100,TEX@HOU 09/01/2020 08:10PM ET,TEX,0.84
RP,Wade Davis (15252029),Wade Davis,15252029,P,4000,SF@COL 09/01/2020 08:40PM ET,COL,-1.87
RP,Daniel Bard (15252048),Daniel Bard,15252048,P,4000,SF@COL 09/01/2020 08:40PM ET,COL,3.41
1B,Daniel Murphy (15252052),Daniel Murphy,15252052,1B,4000,SF@COL 09/01/2020 08:40PM ET,COL,5.72
RP,Tony Watson (15252053),Tony Watson,15252053,P,4000,SF@COL 09/01/2020 08:40PM ET,SF,3.03
RP,Tim Collins (15252078),Tim Collins,15252078,P,4000,SF@COL 09/01/2020 08:40PM ET,COL,0
RP,Sam Selman (15252111),Sam Selman,15252111,P,4000,SF@COL 09/01/2020 08:40PM ET,SF,3.63
RP,James Pazos (15252123),James Pazos,15252123,P,4000,SF@COL 09/01/2020 08:40PM ET,COL,-2.5
RP,Sam Wolff (15252124),Sam Wolff,15252124,P,4000,SF@COL 09/01/2020 08:40PM ET,SF,0
RP,Jairo Diaz (15252134),Jairo Diaz,15252134,P,4000,SF@COL 09/01/2020 08:40PM ET,COL,1.46
RP,Scott Oberg (15252137),Scott Oberg,15252137,P,4000,SF@COL 09/01/2020 08:40PM ET,COL,0
RP,Wandy Peralta (15252156),Wandy Peralta,15252156,P,4000,SF@COL 09/01/2020 08:40PM ET,SF,2.2
RP,Carlos Navas (15252163),Carlos Navas,15252163,P,4000,SF@COL 09/01/2020 08:40PM ET,SF,0
RP,Jandel Gustave (15252164),Jandel Gustave,15252164,P,4000,SF@COL 09/01/2020 08:40PM ET,SF,0
OF,Raimel Tapia (15252176),Raimel Tapia,15252176,OF,4000,SF@COL 09/01/2020 08:40PM ET,COL,6.5
RP,Reyes Moronta (15252181),Reyes Moronta,15252181,P,4000,SF@COL 09/01/2020 08:40PM ET,SF,0
RP,Jarlin Garcia (15252182),Jarlin Garcia,15252182,P,4000,SF@COL 09/01/2020 08:40PM ET,SF,3.43
RP,Carlos Estevez (15252200),Carlos Estevez,15252200,P,4000,SF@COL 09/01/2020 08:40PM ET,COL,2.66
RP,Trevor Gott (15252221),Trevor Gott,15252221,P,4000,SF@COL 09/01/2020 08:40PM ET,SF,0.25
C,Tyler Heineman (15252245),Tyler Heineman,15252245,C,4000,SF@COL 09/01/2020 08:40PM ET,SF,3.77
RP,Yency Almonte (15252247),Yency Almonte,15252247,P,4000,SF@COL 09/01/2020 08:40PM ET,COL,3.6
RP,Ashton Goudeau (15252250),Ashton Goudeau,15252250,P,4000,SF@COL 09/01/2020 08:40PM ET,COL,-3.1
RP,Alexander Guillen (15252273),Alexander Guillen,15252273,P,4000,SF@COL 09/01/2020 08:40PM ET,COL,0
RP,Tyler Kinley (15252291),Tyler Kinley,15252291,P,4000,SF@COL 09/01/2020 08:40PM ET,COL,1.96
RP,Tyler Rogers (15252311),Tyler Rogers,15252311,P,4000,SF@COL 09/01/2020 08:40PM ET,SF,2.19
RP,Jose Mujica (15252315),Jose Mujica,15252315,P,4000,SF@COL 09/01/2020 08:40PM ET,COL,0
RP,Joe Harvey (15252325),Joe Harvey,15252325,P,4000,SF@COL 09/01/2020 08:40PM ET,COL,2.28
SP,Luis Madero (15252328),Luis Madero,15252328,P,4000,SF@COL 09/01/2020 08:40PM ET,SF,0
SP,Trevor Oaks (15252346),Trevor Oaks,15252346,P,4000,SF@COL 09/01/2020 08:40PM ET,SF,0
SP,Melvin Adon (15252370),Melvin Adon,15252370,P,4000,SF@COL 09/01/2020 08:40PM ET,SF,0
RP,Ben Bowden (15252377),Ben Bowden,15252377,P,4000,SF@COL 09/01/2020 08:40PM ET,COL,0
RP,Tyler Cyr (15252399),Tyler Cyr,15252399,P,4000,SF@COL 09/01/2020 08:40PM ET,SF,0
C,Joey Bart (15252410),Joey Bart,15252410,C,4000,SF@COL 09/01/2020 08:40PM ET,SF,3.7
SP,Antonio Santos (15252417),Antonio Santos,15252417,P,4000,SF@COL 09/01/2020 08:40PM ET,COL,0
RP,Camilo Doval (15252433),Camilo Doval,15252433,P,4000,SF@COL 09/01/2020 08:40PM ET,SF,0
SP,Caleb Baragar (15252450),Caleb Baragar,15252450,P,4000,SF@COL 09/01/2020 08:40PM ET,SF,2.51
RP,Phillip Diehl (15252456),Phillip Diehl,15252456,P,4000,SF@COL 09/01/2020 08:40PM ET,COL,0.45
SP,Ryan Rolison (15252460),Ryan Rolison,15252460,P,4000,SF@COL 09/01/2020 08:40PM ET,COL,0
1B,Edwin Encarnacion (15252017),Edwin Encarnacion,15252017,1B,4000,CWS@MIN 09/01/2020 08:10PM ET,CWS,6.62
RP,Sergio Romo (15252040),Sergio Romo,15252040,P,4000,CWS@MIN 09/01/2020 08:10PM ET,MIN,2.80
RP,Steve Cishek (15252061),Steve Cishek,15252061,P,4000,CWS@MIN 09/01/2020 08:10PM ET,CWS,1.33
RP,Trevor May (15252087),Trevor May,15252087,P,4000,CWS@MIN 09/01/2020 08:10PM ET,MIN,3.95
RP,Danny Coulombe (15252090),Danny Coulombe,15252090,P,4000,CWS@MIN 09/01/2020 08:10PM ET,MIN,4.5
RP,Alex Colome (15252098),Alex Colome,15252098,P,4000,CWS@MIN 09/01/2020 08:10PM ET,CWS,3.46
RP,Caleb Thielbar (15252114),Caleb Thielbar,15252114,P,4000,CWS@MIN 09/01/2020 08:10PM ET,MIN,4.64
RP,Taylor Rogers (15252121),Taylor Rogers,15252121,P,4000,CWS@MIN 09/01/2020 08:10PM ET,MIN,2.95
RP,Juan Minaya (15252125),Juan Minaya,15252125,P,4000,CWS@MIN 09/01/2020 08:10PM ET,MIN,0
RP,Tayron Guerrero (15252165),Tayron Guerrero,15252165,P,4000,CWS@MIN 09/01/2020 08:10PM ET,CWS,0
RP,Adalberto Mejia (15252174),Adalberto Mejia,15252174,P,4000,CWS@MIN 09/01/2020 08:10PM ET,CWS,0
RP,Evan Marshall (15252191),Evan Marshall,15252191,P,4000,CWS@MIN 09/01/2020 08:10PM ET,CWS,3.83
RP,Jace Fry (15252196),Jace Fry,15252196,P,4000,CWS@MIN 09/01/2020 08:10PM ET,CWS,2.95
SP,Carlos Rodon (15252198),Carlos Rodon,15252198,P,4000,CWS@MIN 09/01/2020 08:10PM ET,CWS,2.38
RP,Jacob Lindgren (15252201),Jacob Lindgren,15252201,P,4000,CWS@MIN 09/01/2020 08:10PM ET,CWS,0
RP,Aaron Bummer (15252211),Aaron Bummer,15252211,P,4000,CWS@MIN 09/01/2020 08:10PM ET,CWS,5.39
RP,Tyler Duffey (15252222),Tyler Duffey,15252222,P,4000,CWS@MIN 09/01/2020 08:10PM ET,MIN,4.08
RP,Jose Ruiz (15252232),Jose Ruiz,15252232,P,4000,CWS@MIN 09/01/2020 08:10PM ET,CWS,2.95
RP,Drew Anderson (15252249),Drew Anderson,15252249,P,4000,CWS@MIN 09/01/2020 08:10PM ET,CWS,-8.6
RP,Ryan Burr (15252254),Ryan Burr,15252254,P,4000,CWS@MIN 09/01/2020 08:10PM ET,CWS,0
RP,Ryan Garton (15252257),Ryan Garton,15252257,P,4000,CWS@MIN 09/01/2020 08:10PM ET,MIN,0
RP,Jimmy Cordero (15252263),Jimmy Cordero,15252263,P,4000,CWS@MIN 09/01/2020 08:10PM ET,CWS,1.68
SP,Zack Littell (15252290),Zack Littell,15252290,P,4000,CWS@MIN 09/01/2020 08:10PM ET,MIN,-0.56
RP,Matt Foster (15252304),Matt Foster,15252304,P,4000,CWS@MIN 09/01/2020 08:10PM ET,CWS,6.78
RP,Sam Clay (15252336),Sam Clay,15252336,P,4000,CWS@MIN 09/01/2020 08:10PM ET,MIN,0
RP,Alex McRae (15252347),Alex McRae,15252347,P,4000,CWS@MIN 09/01/2020 08:10PM ET,CWS,0
RP,Zack Burdi (15252360),Zack Burdi,15252360,P,4000,CWS@MIN 09/01/2020 08:10PM ET,CWS,1.09
SP,Jhoan Duran (15252372),Jhoan Duran,15252372,P,4000,CWS@MIN 09/01/2020 08:10PM ET,MIN,0
SP,Bernardo Flores Jr. (15252380),Bernardo Flores Jr.,15252380,P,4000,CWS@MIN 09/01/2020 08:10PM ET,CWS,0
RP,Ian Hamilton (15252381),Ian Hamilton,15252381,P,4000,CWS@MIN 09/01/2020 08:10PM ET,CWS,1.9
SP,Dakota Chalmers (15252395),Dakota Chalmers,15252395,P,4000,CWS@MIN 09/01/2020 08:10PM ET,MIN,0
RP,Cody Stashak (15252404),Cody Stashak,15252404,P,4000,CWS@MIN 09/01/2020 08:10PM ET,MIN,4.26
RP,Bennett Sousa (15252420),Bennett Sousa,15252420,P,4000,CWS@MIN 09/01/2020 08:10PM ET,CWS,0
RP,Tyler Johnson (15252427),Tyler Johnson,15252427,P,4000,CWS@MIN 09/01/2020 08:10PM ET,CWS,0
SP,Edwar Colina (15252437),Edwar Colina,15252437,P,4000,CWS@MIN 09/01/2020 08:10PM ET,MIN,0
RP,Jimmy Lambert (15252445),Jimmy Lambert,15252445,P,4000,CWS@MIN 09/01/2020 08:10PM ET,CWS,3.65
RP,Sean Poppen (15252455),Sean Poppen,15252455,P,4000,CWS@MIN 09/01/2020 08:10PM ET,MIN,5.9
SP,Jonathan Stiever (15252469),Jonathan Stiever,15252469,P,4000,CWS@MIN 09/01/2020 08:10PM ET,CWS,0
SP,Garrett Crochet (15252486),Garrett Crochet,15252486,P,4000,CWS@MIN 09/01/2020 08:10PM ET,CWS,0
RP,Codi Heuer (15252497),Codi Heuer,15252497,P,4000,CWS@MIN 09/01/2020 08:10PM ET,CWS,3.42
RP,Oliver Perez (15252016),Oliver Perez,15252016,P,4000,CLE@KC 09/01/2020 08:05PM ET,CLE,3.1
RP,David Hernandez (15252042),David Hernandez,15252042,P,4000,CLE@KC 09/01/2020 08:05PM ET,CLE,0
RP,Greg Holland (15252063),Greg Holland,15252063,P,4000,CLE@KC 09/01/2020 08:05PM ET,KC,3.14
RP,Brad Hand (15252084),Brad Hand,15252084,P,4000,CLE@KC 09/01/2020 08:05PM ET,CLE,2.9
SP,Jesse Hahn (15252140),Jesse Hahn,15252140,P,4000,CLE@KC 09/01/2020 08:05PM ET,KC,3.96
RP,Randy Rosario (15252179),Randy Rosario,15252179,P,4000,CLE@KC 09/01/2020 08:05PM ET,KC,0.72
RP,Scott Barlow (15252194),Scott Barlow,15252194,P,4000,CLE@KC 09/01/2020 08:05PM ET,KC,4.05
RP,Dominic Leone (15252219),Dominic Leone,15252219,P,4000,CLE@KC 09/01/2020 08:05PM ET,CLE,2.29
RP,Nick Wittgren (15252228),Nick Wittgren,15252228,P,4000,CLE@KC 09/01/2020 08:05PM ET,CLE,3.34
RP,Jefry Rodriguez (15252235),Jefry Rodriguez,15252235,P,4000,CLE@KC 09/01/2020 08:05PM ET,CLE,0
RP,Hunter Wood (15252253),Hunter Wood,15252253,P,4000,CLE@KC 09/01/2020 08:05PM ET,CLE,0
RP,Jake Newberry (15252258),Jake Newberry,15252258,P,4000,CLE@KC 09/01/2020 08:05PM ET,KC,3.17
SP,Stephen Woods Jr. (15252285),Stephen Woods Jr.,15252285,P,4000,CLE@KC 09/01/2020 08:05PM ET,KC,0
RP,Adam Cimber (15252288),Adam Cimber,15252288,P,4000,CLE@KC 09/01/2020 08:05PM ET,CLE,2.02
RP,Kevin McCarthy (15252292),Kevin McCarthy,15252292,P,4000,CLE@KC 09/01/2020 08:05PM ET,KC,0.74
RP,Gabe Speier (15252294),Gabe Speier,15252294,P,4000,CLE@KC 09/01/2020 08:05PM ET,KC,0.87
SP,Scott Moss (15252307),Scott Moss,15252307,P,4000,CLE@KC 09/01/2020 08:05PM ET,CLE,0
SP,Foster Griffin (15252331),Foster Griffin,15252331,P,4000,CLE@KC 09/01/2020 08:05PM ET,KC,9.75
SP,Scott Blewett (15252333),Scott Blewett,15252333,P,4000,CLE@KC 09/01/2020 08:05PM ET,KC,0
SP,Sam Hentges (15252339),Sam Hentges,15252339,P,4000,CLE@KC 09/01/2020 08:05PM ET,CLE,0
RP,Cam Hill (15252349),Cam Hill,15252349,P,4000,CLE@KC 09/01/2020 08:05PM ET,CLE,2.94
RP,Jean Carlos Mejia (15252354),Jean Carlos Mejia,15252354,P,4000,CLE@KC 09/01/2020 08:05PM ET,CLE,0
RP,Josh Staumont (15252362),Josh Staumont,15252362,P,4000,CLE@KC 09/01/2020 08:05PM ET,KC,4.86
RP,Chance Adams (15252396),Chance Adams,15252396,P,4000,CLE@KC 09/01/2020 08:05PM ET,KC,-2.65
RP,Logan Allen (15252397),Logan Allen,15252397,P,4000,CLE@KC 09/01/2020 08:05PM ET,CLE,2.82
RP,Phil Maton (15252398),Phil Maton,15252398,P,4000,CLE@KC 09/01/2020 08:05PM ET,CLE,5.12
SP,Jackson Kowar (15252412),Jackson Kowar,15252412,P,4000,CLE@KC 09/01/2020 08:05PM ET,KC,0
SP,Daniel Tillo (15252414),Daniel Tillo,15252414,P,4000,CLE@KC 09/01/2020 08:05PM ET,KC,0
RP,Tyler Zuber (15252425),Tyler Zuber,15252425,P,4000,CLE@KC 09/01/2020 08:05PM ET,KC,1.64
RP,James Karinchak (15252426),James Karinchak,15252426,P,4000,CLE@KC 09/01/2020 08:05PM ET,CLE,5.43
RP,Kyle Nelson (15252428),Kyle Nelson,15252428,P,4000,CLE@KC 09/01/2020 08:05PM ET,CLE,0
SP,Eli Morgan (15252431),Eli Morgan,15252431,P,4000,CLE@KC 09/01/2020 08:05PM ET,CLE,0
RP,Nick Sandlin (15252472),Nick Sandlin,15252472,P,4000,CLE@KC 09/01/2020 08:05PM ET,CLE,0
SP,Daniel Lynch (15252476),Daniel Lynch,15252476,P,4000,CLE@KC 09/01/2020 08:05PM ET,KC,0
SP,Joey Cantillo (15252484),Joey Cantillo,15252484,P,4000,CLE@KC 09/01/2020 08:05PM ET,CLE,0
SP,Carlos Hernandez (15252487),Carlos Hernandez,15252487,P,4000,CLE@KC 09/01/2020 08:05PM ET,KC,0
SP,Ethan Hankins (15252495),Ethan Hankins,15252495,P,4000,CLE@KC 09/01/2020 08:05PM ET,CLE,0
SP,Austin Cox (15252498),Austin Cox,15252498,P,4000,CLE@KC 09/01/2020 08:05PM ET,KC,0
SP,Daniel Espino (15252506),Daniel Espino,15252506,P,4000,CLE@KC 09/01/2020 08:05PM ET,CLE,0
SP,Justin Verlander (15252035),Justin Verlander,15252035,P,4000,TEX@HOU 09/01/2020 08:10PM ET,HOU,25.1
RP,Ryan Pressly (15252064),Ryan Pressly,15252064,P,4000,TEX@HOU 09/01/2020 08:10PM ET,HOU,3.2
RP,Luis Garcia (15252073),Luis Garcia,15252073,P,4000,TEX@HOU 09/01/2020 08:10PM ET,TEX,2.54
RP,Brad Peacock (15252076),Brad Peacock,15252076,P,4000,TEX@HOU 09/01/2020 08:10PM ET,HOU,0
RP,Juan Nicasio (15252077),Juan Nicasio,15252077,P,4000,TEX@HOU 09/01/2020 08:10PM ET,TEX,-5.6
RP,Brooks Raley (15252110),Brooks Raley,15252110,P,4000,TEX@HOU 09/01/2020 08:10PM ET,HOU,2.61
RP,Derek Law (15252115),Derek Law,15252115,P,4000,TEX@HOU 09/01/2020 08:10PM ET,TEX,0
RP,Joely Rodriguez (15252136),Joely Rodriguez,15252136,P,4000,TEX@HOU 09/01/2020 08:10PM ET,TEX,4.42
RP,Cody Allen (15252157),Cody Allen,15252157,P,4000,TEX@HOU 09/01/2020 08:10PM ET,TEX,0
RP,Kent Emanuel (15252158),Kent Emanuel,15252158,P,4000,TEX@HOU 09/01/2020 08:10PM ET,HOU,0
RP,Roberto Osuna (15252173),Roberto Osuna,15252173,P,4000,TEX@HOU 09/01/2020 08:10PM ET,HOU,2.99
RP,Rafael Montero (15252175),Rafael Montero,15252175,P,4000,TEX@HOU 09/01/2020 08:10PM ET,TEX,3.91
RP,Nick Goody (15252207),Nick Goody,15252207,P,4000,TEX@HOU 09/01/2020 08:10PM ET,TEX,1.26
RP,Joe Biagini (15252209),Joe Biagini,15252209,P,4000,TEX@HOU 09/01/2020 08:10PM ET,HOU,-2.66
RP,Chris Devenski (15252210),Chris Devenski,15252210,P,4000,TEX@HOU 09/01/2020 08:10PM ET,HOU,1.75
RP,Cy Sneed (15252213),Cy Sneed,15252213,P,4000,TEX@HOU 09/01/2020 08:10PM ET,HOU,2.64
SP,Wes Benjamin (15252218),Wes Benjamin,15252218,P,4000,TEX@HOU 09/01/2020 08:10PM ET,TEX,4.9
RP,Luke Farrell (15252224),Luke Farrell,15252224,P,4000,TEX@HOU 09/01/2020 08:10PM ET,TEX,1.17
RP,Yohander Mendez (15252234),Yohander Mendez,15252234,P,4000,TEX@HOU 09/01/2020 08:10PM ET,TEX,0
SP,Kyle Cody (15252255),Kyle Cody,15252255,P,4000,TEX@HOU 09/01/2020 08:10PM ET,TEX,6.45
RP,Jimmy Herget (15252256),Jimmy Herget,15252256,P,4000,TEX@HOU 09/01/2020 08:10PM ET,TEX,2.01
SP,Blake Taylor (15252279),Blake Taylor,15252279,P,4000,TEX@HOU 09/01/2020 08:10PM ET,HOU,3.53
RP,Austin Pruitt (15252289),Austin Pruitt,15252289,P,4000,TEX@HOU 09/01/2020 08:10PM ET,HOU,0
RP,Bryan Abreu (15252329),Bryan Abreu,15252329,P,4000,TEX@HOU 09/01/2020 08:10PM ET,HOU,1.38
RP,Wei-Chieh Huang (15252366),Wei-Chieh Huang,15252366,P,4000,TEX@HOU 09/01/2020 08:10PM ET,TEX,0
RP,Andre Scrubb (15252369),Andre Scrubb,15252369,P,4000,TEX@HOU 09/01/2020 08:10PM ET,HOU,4.11
RP,Brandon Bailey (15252374),Brandon Bailey,15252374,P,4000,TEX@HOU 09/01/2020 08:10PM ET,HOU,2.9
SP,Tyler Phillips (15252405),Tyler Phillips,15252405,P,4000,TEX@HOU 09/01/2020 08:10PM ET,TEX,0
RP,DeMarcus Evans (15252408),DeMarcus Evans,15252408,P,4000,TEX@HOU 09/01/2020 08:10PM ET,TEX,0
RP,Ralph Garza Jr. (15252409),Ralph Garza Jr.,15252409,P,4000,TEX@HOU 09/01/2020 08:10PM ET,HOU,0
SP,Rogelio Armenteros (15252415),Rogelio Armenteros,15252415,P,4000,TEX@HOU 09/01/2020 08:10PM ET,HOU,0
SP,Jose Urquidy (15252416),Jose Urquidy,15252416,P,4000,TEX@HOU 09/01/2020 08:10PM ET,HOU,0
SP,Forrest Whitley (15252440),Forrest Whitley,15252440,P,4000,TEX@HOU 09/01/2020 08:10PM ET,HOU,0
SP,Alex Speas (15252443),Alex Speas,15252443,P,4000,TEX@HOU 09/01/2020 08:10PM ET,TEX,0
RP,Enoli Paredes (15252463),Enoli Paredes,15252463,P,4000,TEX@HOU 09/01/2020 08:10PM ET,HOU,3.26
RP,Nivaldo Rodriguez (15252465),Nivaldo Rodriguez,15252465,P,4000,TEX@HOU 09/01/2020 08:10PM ET,HOU,0.18
RP,Cionel Perez (15252466),Cionel Perez,15252466,P,4000,TEX@HOU 09/01/2020 08:10PM ET,HOU,6.1
SP,Brett Conine (15252474),Brett Conine,15252474,P,4000,TEX@HOU 09/01/2020 08:10PM ET,HOU,0
RP,Luis Garcia (15252488),Luis Garcia,15252488,P,4000,TEX@HOU 09/01/2020 08:10PM ET,HOU,0
SP,Shawn Dubin (15252499),Shawn Dubin,15252499,P,4000,TEX@HOU 09/01/2020 08:10PM ET,HOU,0
RP,Jojanse Torres (15252501),Jojanse Torres,15252501,P,4000,TEX@HOU 09/01/2020 08:10PM ET,HOU,0
SS,Brandon Crawford (15252086),Brandon Crawford,15252086,SS,3900,SF@COL 09/01/2020 08:40PM ET,SF,5.64
3B/OF,Marwin Gonzalez (15252057),Marwin Gonzalez,15252057,3B/OF,3900,CWS@MIN 09/01/2020 08:10PM ET,MIN,5.31
C,Elias Diaz (15252133),Elias Diaz,15252133,C,3700,SF@COL 09/01/2020 08:40PM ET,COL,2.7
1B,Danny Santana (15252128),Danny Santana,15252128,1B,3700,TEX@HOU 09/01/2020 08:10PM ET,TEX,5.93
OF,Alex Dickerson (15252138),Alex Dickerson,15252138,OF,3600,SF@COL 09/01/2020 08:40PM ET,SF,5.4
C,Dom Nunez (15252281),Dom Nunez,15252281,C,3600,SF@COL 09/01/2020 08:40PM ET,COL,0
1B/2B,Ildemaro Vargas (15252129),Ildemaro Vargas,15252129,1B/2B,3600,CWS@MIN 09/01/2020 08:10PM ET,MIN,2.76
OF,Byron Buxton (15252237),Byron Buxton,15252237,OF,3600,CWS@MIN 09/01/2020 08:10PM ET,MIN,6.33
3B,Maikel Franco (15252160),Maikel Franco,15252160,3B,3600,CLE@KC 09/01/2020 08:05PM ET,KC,7.14
OF,Matt Kemp (15252025),Matt Kemp,15252025,OF,3400,SF@COL 09/01/2020 08:40PM ET,COL,5.82
2B,Luis Arraez (15252327),Luis Arraez,15252327,2B,3400,CWS@MIN 09/01/2020 08:10PM ET,MIN,4.92
2B,Rougned Odor (15252199),Rougned Odor,15252199,2B,3400,TEX@HOU 09/01/2020 08:10PM ET,TEX,4.77
3B,Josh Donaldson (15252062),Josh Donaldson,15252062,3B,3300,CWS@MIN 09/01/2020 08:10PM ET,MIN,5.57
2B,Yolmer Sanchez (15252135),Yolmer Sanchez,15252135,2B,3300,CWS@MIN 09/01/2020 08:10PM ET,CWS,2
1B,Ryan O'Hearn (15252345),Ryan O'Hearn,15252345,1B,3300,CLE@KC 09/01/2020 08:05PM ET,KC,5.59
2B/OF,Chris Owings (15252104),Chris Owings,15252104,2B/OF,3200,SF@COL 09/01/2020 08:40PM ET,COL,5.18
OF,Kevin Pillar (15252169),Kevin Pillar,15252169,OF,3200,SF@COL 09/01/2020 08:40PM ET,COL,7.9
OF,Jake Cave (15252195),Jake Cave,15252195,OF,3200,CWS@MIN 09/01/2020 08:10PM ET,MIN,4.3
2B,Danny Mendick (15252400),Danny Mendick,15252400,2B,3200,CWS@MIN 09/01/2020 08:10PM ET,CWS,5.07
OF,Michael Brantley (15252036),Michael Brantley,15252036,OF,3200,TEX@HOU 09/01/2020 08:10PM ET,HOU,7.85
OF,Josh Reddick (15252054),Josh Reddick,15252054,OF,3200,TEX@HOU 09/01/2020 08:10PM ET,HOU,6.41
C,Jeff Mathis (15252019),Jeff Mathis,15252019,C,3100,TEX@HOU 09/01/2020 08:10PM ET,TEX,5.17
1B/2B,Derek Dietrich (15252066),Derek Dietrich,15252066,1B/2B,3100,TEX@HOU 09/01/2020 08:10PM ET,TEX,5.69
1B,Greg Bird (15252192),Greg Bird,15252192,1B,3100,TEX@HOU 09/01/2020 08:10PM ET,TEX,0
OF,David Dahl (15252241),David Dahl,15252241,OF,3000,SF@COL 09/01/2020 08:40PM ET,COL,5.05
OF,LaMonte Wade Jr. (15252359),LaMonte Wade Jr.,15252359,OF,3000,CWS@MIN 09/01/2020 08:10PM ET,MIN,1.86
2B/OF,Nick Solak (15252378),Nick Solak,15252378,2B/OF,3000,TEX@HOU 09/01/2020 08:10PM ET,TEX,6.81
C,Tony Wolters (15252146),Tony Wolters,15252146,C,2900,SF@COL 09/01/2020 08:40PM ET,COL,2.89
C,Alex Avila (15252088),Alex Avila,15252088,C,2900,CWS@MIN 09/01/2020 08:10PM ET,MIN,3.89
3B/C,Willians Astudillo (15252131),Willians Astudillo,15252131,C/3B,2900,CWS@MIN 09/01/2020 08:10PM ET,MIN,0
C,Zack Collins (15252298),Zack Collins,15252298,C,2900,CWS@MIN 09/01/2020 08:10PM ET,CWS,1.22
2B,Nick Madrigal (15252407),Nick Madrigal,15252407,2B,2900,CWS@MIN 09/01/2020 08:10PM ET,CWS,7.12
SS,Adalberto Mondesi (15252259),Adalberto Mondesi,15252259,SS,2900,CLE@KC 09/01/2020 08:05PM ET,KC,4.6
OF,Hunter Pence (15252033),Hunter Pence,15252033,OF,2800,SF@COL 09/01/2020 08:40PM ET,SF,3.65
SS,Abiatal Avelino (15252242),Abiatal Avelino,15252242,SS,2800,SF@COL 09/01/2020 08:40PM ET,SF,0
OF/SS,Mauricio Dubon (15252296),Mauricio Dubon,15252296,SS/OF,2800,SF@COL 09/01/2020 08:40PM ET,SF,4.43
C,Chadwick Tromp (15252316),Chadwick Tromp,15252316,C,2800,SF@COL 09/01/2020 08:40PM ET,SF,4.29
2B/SS,Brendan Rodgers (15252383),Brendan Rodgers,15252383,2B/SS,2800,SF@COL 09/01/2020 08:40PM ET,COL,2
C,Jose Trevino (15252324),Jose Trevino,15252324,C,2800,TEX@HOU 09/01/2020 08:10PM ET,TEX,5.93
1B,Pablo Sandoval (15252031),Pablo Sandoval,15252031,1B,2700,SF@COL 09/01/2020 08:40PM ET,SF,3.07
OF,Darin Ruf (15252113),Darin Ruf,15252113,OF,2700,SF@COL 09/01/2020 08:40PM ET,SF,4.14
SS,Will Wilson (15252492),Will Wilson,15252492,SS,2700,SF@COL 09/01/2020 08:40PM ET,SF,0
3B,Luis Toribio (15252493),Luis Toribio,15252493,3B,2700,SF@COL 09/01/2020 08:40PM ET,SF,0
3B/SS,Ehire Adrianza (15252096),Ehire Adrianza,15252096,3B/SS,2700,CWS@MIN 09/01/2020 08:10PM ET,MIN,2.31
C,Ryan Jeffers (15252496),Ryan Jeffers,15252496,C,2700,CWS@MIN 09/01/2020 08:10PM ET,MIN,2.89
C,Roberto Perez (15252056),Roberto Perez,15252056,C,2700,CLE@KC 09/01/2020 08:05PM ET,CLE,2.86
OF,Shin-Soo Choo (15252018),Shin-Soo Choo,15252018,OF,2700,TEX@HOU 09/01/2020 08:10PM ET,TEX,6.8
SS,Elvis Andrus (15252039),Elvis Andrus,15252039,SS,2700,TEX@HOU 09/01/2020 08:10PM ET,TEX,4.71
C/OF,Blake Swihart (15252188),Blake Swihart,15252188,C/OF,2700,TEX@HOU 09/01/2020 08:10PM ET,TEX,0
1B/C,Aramis Garcia (15252205),Aramis Garcia,15252205,C/1B,2600,SF@COL 09/01/2020 08:40PM ET,SF,0
OF,Jose Siri (15252271),Jose Siri,15252271,OF,2600,SF@COL 09/01/2020 08:40PM ET,SF,0
2B,Kean Wong (15252282),Kean Wong,15252282,2B,2600,SF@COL 09/01/2020 08:40PM ET,SF,0
OF,Sam Hilliard (15252350),Sam Hilliard,15252350,OF,2600,SF@COL 09/01/2020 08:40PM ET,COL,6.26
OF,Alexander Canario (15252470),Alexander Canario,15252470,OF,2600,SF@COL 09/01/2020 08:40PM ET,SF,0
OF,Heliot Ramos (15252479),Heliot Ramos,15252479,OF,2600,SF@COL 09/01/2020 08:40PM ET,SF,0
1B,Tomas Telis (15252117),Tomas Telis,15252117,1B,2600,CWS@MIN 09/01/2020 08:10PM ET,MIN,0
1B/3B,Cheslor Cuthbert (15252161),Cheslor Cuthbert,15252161,1B/3B,2600,CWS@MIN 09/01/2020 08:10PM ET,CWS,0
C,Caleb Hamilton (15252309),Caleb Hamilton,15252309,C,2600,CWS@MIN 09/01/2020 08:10PM ET,MIN,0
1B,Zander Wiel (15252361),Zander Wiel,15252361,1B,2600,CWS@MIN 09/01/2020 08:10PM ET,MIN,0
2B,Travis Blankenhorn (15252394),Travis Blankenhorn,15252394,2B,2600,CWS@MIN 09/01/2020 08:10PM ET,MIN,0
OF,Trevor Larnach (15252411),Trevor Larnach,15252411,OF,2600,CWS@MIN 09/01/2020 08:10PM ET,MIN,0
OF,Brent Rooker (15252421),Brent Rooker,15252421,OF,2600,CWS@MIN 09/01/2020 08:10PM ET,MIN,0
OF,Gilberto Celestino (15252423),Gilberto Celestino,15252423,OF,2600,CWS@MIN 09/01/2020 08:10PM ET,MIN,0
1B/OF,Alex Kirilloff (15252438),Alex Kirilloff,15252438,1B/OF,2600,CWS@MIN 09/01/2020 08:10PM ET,MIN,0
OF,Tyler Naquin (15252116),Tyler Naquin,15252116,OF,2600,CLE@KC 09/01/2020 08:05PM ET,CLE,7
OF,Jordan Luplow (15252323),Jordan Luplow,15252323,OF,2600,CLE@KC 09/01/2020 08:05PM ET,CLE,3.41
SS,Isiah Kiner-Falefa (15252286),Isiah Kiner-Falefa,15252286,SS,2600,TEX@HOU 09/01/2020 08:10PM ET,TEX,6.39
OF,Joey Rickard (15252223),Joey Rickard,15252223,OF,2500,SF@COL 09/01/2020 08:40PM ET,SF,1
3B,Zach Green (15252244),Zach Green,15252244,3B,2500,SF@COL 09/01/2020 08:40PM ET,SF,0
1B/OF,Chris Shaw (15252251),Chris Shaw,15252251,1B/OF,2500,SF@COL 09/01/2020 08:40PM ET,SF,0
OF,Steven Duggar (15252321),Steven Duggar,15252321,OF,2500,SF@COL 09/01/2020 08:40PM ET,SF,1.79
OF,Joe McCarthy (15252364),Joe McCarthy,15252364,OF,2500,SF@COL 09/01/2020 08:40PM ET,SF,0
OF,Jaylin Davis (15252401),Jaylin Davis,15252401,OF,2500,SF@COL 09/01/2020 08:40PM ET,SF,4.75
OF,Jarrod Dyson (15252055),Jarrod Dyson,15252055,OF,2500,CWS@MIN 09/01/2020 08:10PM ET,CWS,3.30
SS,Wilfredo Tovar (15252126),Wilfredo Tovar,15252126,SS,2500,CWS@MIN 09/01/2020 08:10PM ET,MIN,0
2B/3B,Drew Maggi (15252154),Drew Maggi,15252154,2B/3B,2500,CWS@MIN 09/01/2020 08:10PM ET,MIN,0
2B,Nick Gordon (15252330),Nick Gordon,15252330,2B,2500,CWS@MIN 09/01/2020 08:10PM ET,MIN,0
SS,Royce Lewis (15252477),Royce Lewis,15252477,SS,2500,CWS@MIN 09/01/2020 08:10PM ET,MIN,0
1B/OF,Jake Bauers (15252283),Jake Bauers,15252283,1B/OF,2500,CLE@KC 09/01/2020 08:05PM ET,CLE,0
1B,Bobby Bradley (15252335),Bobby Bradley,15252335,1B,2500,CLE@KC 09/01/2020 08:05PM ET,CLE,0
2B,Nicky Lopez (15252448),Nicky Lopez,15252448,2B,2500,CLE@KC 09/01/2020 08:05PM ET,KC,3.84
3B/SS,Jack Mayfield (15252312),Jack Mayfield,15252312,3B/SS,2500,TEX@HOU 09/01/2020 08:10PM ET,HOU,2.25
SS,Eric Stamets (15252227),Eric Stamets,15252227,SS,2400,SF@COL 09/01/2020 08:40PM ET,COL,0
OF,Nomar Mazara (15252261),Nomar Mazara,15252261,OF,2400,CWS@MIN 09/01/2020 08:10PM ET,CWS,4.54
OF,Domingo Santana (15252127),Domingo Santana,15252127,OF,2400,CLE@KC 09/01/2020 08:05PM ET,CLE,4.88
2B,Eli White (15252302),Eli White,15252302,2B,2400,TEX@HOU 09/01/2020 08:10PM ET,TEX,0
C,Garrett Stubbs (15252322),Garrett Stubbs,15252322,C,2400,TEX@HOU 09/01/2020 08:10PM ET,HOU,0.58
OF,Myles Straw (15252402),Myles Straw,15252402,OF,2400,TEX@HOU 09/01/2020 08:10PM ET,HOU,4.62
C,Drew Butera (15252038),Drew Butera,15252038,C,2300,SF@COL 09/01/2020 08:40PM ET,COL,2.47
1B/3B,Tyler Nevin (15252388),Tyler Nevin,15252388,1B/3B,2300,SF@COL 09/01/2020 08:40PM ET,COL,0
C,Juan Graterol (15252074),Juan Graterol,15252074,C,2300,CWS@MIN 09/01/2020 08:10PM ET,MIN,0
C,Sandy Leon (15252072),Sandy Leon,15252072,C,2300,CLE@KC 09/01/2020 08:05PM ET,CLE,3.47
3B/OF,Jake Elmore (15252092),Jake Elmore,15252092,3B/OF,2300,CLE@KC 09/01/2020 08:05PM ET,CLE,0
C,Steven Baron (15252103),Steven Baron,15252103,C,2300,CLE@KC 09/01/2020 08:05PM ET,CLE,0
SS,Marco Luciano (15252502),Marco Luciano,15252502,SS,2200,SF@COL 09/01/2020 08:40PM ET,SF,0
OF,Nicky Delmonico (15252193),Nicky Delmonico,15252193,OF,2200,CWS@MIN 09/01/2020 08:10PM ET,CWS,3.17
OF,Franchy Cordero (15252230),Franchy Cordero,15252230,OF,2200,CLE@KC 09/01/2020 08:05PM ET,KC,2.82
SS,Ernie Clement (15252429),Ernie Clement,15252429,SS,2200,CLE@KC 09/01/2020 08:05PM ET,CLE,0
3B,Nolan Jones (15252442),Nolan Jones,15252442,3B,2200,CLE@KC 09/01/2020 08:05PM ET,CLE,0
SS,Tyler Freeman (15252481),Tyler Freeman,15252481,SS,2200,CLE@KC 09/01/2020 08:05PM ET,CLE,0
C,Bo Naylor (15252494),Bo Naylor,15252494,C,2200,CLE@KC 09/01/2020 08:05PM ET,CLE,0
OF,George Valera (15252500),George Valera,15252500,OF,2200,CLE@KC 09/01/2020 08:05PM ET,CLE,0
SS,Aaron Bracho (15252503),Aaron Bracho,15252503,SS,2200,CLE@KC 09/01/2020 08:05PM ET,CLE,0
2B,Anderson Tejeda (15252367),Anderson Tejeda,15252367,2B,2200,TEX@HOU 09/01/2020 08:10PM ET,TEX,8.67
2B,Andy Ibanez (15252422),Andy Ibanez,15252422,2B,2200,TEX@HOU 09/01/2020 08:10PM ET,TEX,0
3B,Abraham Toro (15252447),Abraham Toro,15252447,3B,2200,TEX@HOU 09/01/2020 08:10PM ET,HOU,4.43
2B/3B,Bret Boswell (15252458),Bret Boswell,15252458,2B/3B,2100,SF@COL 09/01/2020 08:40PM ET,COL,0
C,Allan de San Miguel (15252041),Allan de San Miguel,15252041,C,2100,CLE@KC 09/01/2020 08:05PM ET,KC,0
OF,Alex Gordon (15252045),Alex Gordon,15252045,OF,2100,CLE@KC 09/01/2020 08:05PM ET,KC,4.90
2B/OF,Mike Freeman (15252118),Mike Freeman,15252118,2B/OF,2100,CLE@KC 09/01/2020 08:05PM ET,CLE,2.23
C,Oscar Hernandez (15252142),Oscar Hernandez,15252142,C,2100,CLE@KC 09/01/2020 08:05PM ET,KC,2
OF,Delino DeShields (15252145),Delino DeShields,15252145,OF,2100,CLE@KC 09/01/2020 08:05PM ET,CLE,4.24
C,Beau Taylor (15252167),Beau Taylor,15252167,C,2100,CLE@KC 09/01/2020 08:05PM ET,CLE,1.86
2B/3B,Matt Reynolds (15252171),Matt Reynolds,15252171,2B/3B,2100,CLE@KC 09/01/2020 08:05PM ET,KC,0
OF,Bubba Starling (15252183),Bubba Starling,15252183,OF,2100,CLE@KC 09/01/2020 08:05PM ET,KC,1.83
C,Cam Gallagher (15252186),Cam Gallagher,15252186,C,2100,CLE@KC 09/01/2020 08:05PM ET,KC,4.4
2B/SS,Humberto Arteaga (15252203),Humberto Arteaga,15252203,2B/SS,2100,CLE@KC 09/01/2020 08:05PM ET,KC,0
OF,Bradley Zimmer (15252208),Bradley Zimmer,15252208,OF,2100,CLE@KC 09/01/2020 08:05PM ET,CLE,3.55
3B/OF,Erick Mejia (15252264),Erick Mejia,15252264,3B/OF,2100,CLE@KC 09/01/2020 08:05PM ET,KC,0
3B,Kelvin Gutierrez (15252270),Kelvin Gutierrez,15252270,3B,2100,CLE@KC 09/01/2020 08:05PM ET,KC,0
OF,Oscar Mercado (15252280),Oscar Mercado,15252280,OF,2100,CLE@KC 09/01/2020 08:05PM ET,CLE,2.11
1B/OF,Ryan McBroom (15252305),Ryan McBroom,15252305,1B/OF,2100,CLE@KC 09/01/2020 08:05PM ET,KC,5.12
C,Meibrys Viloria (15252355),Meibrys Viloria,15252355,C,2100,CLE@KC 09/01/2020 08:05PM ET,KC,1.54
3B,Yu Chang (15252356),Yu Chang,15252356,3B,2100,CLE@KC 09/01/2020 08:05PM ET,CLE,1.75
C,Nick Dini (15252406),Nick Dini,15252406,C,2100,CLE@KC 09/01/2020 08:05PM ET,KC,0
SS,Jeison Guzman (15252424),Jeison Guzman,15252424,SS,2100,CLE@KC 09/01/2020 08:05PM ET,KC,0
C,Sebastian Rivero (15252434),Sebastian Rivero,15252434,C,2100,CLE@KC 09/01/2020 08:05PM ET,KC,0
OF,Seuly Matias (15252435),Seuly Matias,15252435,OF,2100,CLE@KC 09/01/2020 08:05PM ET,KC,0
OF,Khalil Lee (15252444),Khalil Lee,15252444,OF,2100,CLE@KC 09/01/2020 08:05PM ET,KC,0
OF,Daniel Johnson (15252446),Daniel Johnson,15252446,OF,2100,CLE@KC 09/01/2020 08:05PM ET,CLE,1
C,Freddy Fermin (15252451),Freddy Fermin,15252451,C,2100,CLE@KC 09/01/2020 08:05PM ET,KC,0
OF,Nick Heath (15252454),Nick Heath,15252454,OF,2100,CLE@KC 09/01/2020 08:05PM ET,KC,5.2
OF,Kyle Isbel (15252471),Kyle Isbel,15252471,OF,2100,CLE@KC 09/01/2020 08:05PM ET,KC,0
1B,Nick Pratto (15252478),Nick Pratto,15252478,1B,2100,CLE@KC 09/01/2020 08:05PM ET,KC,0
C,MJ Melendez (15252480),MJ Melendez,15252480,C,2100,CLE@KC 09/01/2020 08:05PM ET,KC,0
SS,Bobby Witt Jr. (15252505),Bobby Witt Jr.,15252505,SS,2100,CLE@KC 09/01/2020 08:05PM ET,KC,0
C,Tim Federowicz (15252089),Tim Federowicz,15252089,C,2100,TEX@HOU 09/01/2020 08:10PM ET,TEX,0
C,Dustin Garneau (15252112),Dustin Garneau,15252112,C,2100,TEX@HOU 09/01/2020 08:10PM ET,HOU,4.33
OF,Willie Calhoun (15252293),Willie Calhoun,15252293,OF,2100,TEX@HOU 09/01/2020 08:10PM ET,TEX,3.39
1B/OF,Aledmys Diaz (15252317),Aledmys Diaz,15252317,1B/OF,2100,TEX@HOU 09/01/2020 08:10PM ET,HOU,2.5
C,Jamie Ritchie (15252341),Jamie Ritchie,15252341,C,2100,TEX@HOU 09/01/2020 08:10PM ET,HOU,0
2B/3B,Nick Tanielu (15252343),Nick Tanielu,15252343,2B/3B,2100,TEX@HOU 09/01/2020 08:10PM ET,HOU,0
C,Michael Papierski (15252348),Michael Papierski,15252348,C,2100,TEX@HOU 09/01/2020 08:10PM ET,HOU,0
OF,Ronnie Dawson (15252373),Ronnie Dawson,15252373,OF,2100,TEX@HOU 09/01/2020 08:10PM ET,HOU,0
1B,Taylor Jones (15252413),Taylor Jones,15252413,1B,2100,TEX@HOU 09/01/2020 08:10PM ET,HOU,5
OF,Leody Taveras (15252419),Leody Taveras,15252419,OF,2100,TEX@HOU 09/01/2020 08:10PM ET,TEX,6.29
C,Colton Shaver (15252432),Colton Shaver,15252432,C,2100,TEX@HOU 09/01/2020 08:10PM ET,HOU,0
2B/SS,Alex De Goti (15252461),Alex De Goti,15252461,2B/SS,2100,TEX@HOU 09/01/2020 08:10PM ET,HOU,0
OF,Jake Meyers (15252483),Jake Meyers,15252483,OF,2100,TEX@HOU 09/01/2020 08:10PM ET,HOU,0
OF,Chas McCormick (15252485),Chas McCormick,15252485,OF,2100,TEX@HOU 09/01/2020 08:10PM ET,HOU,0
3B,Josh Jung (15252491),Josh Jung,15252491,3B,2100,TEX@HOU 09/01/2020 08:10PM ET,TEX,0
C,Eliezer Alfonzo (15252024),Eliezer Alfonzo,15252024,C,2000,SF@COL 09/01/2020 08:40PM ET,COL,0
OF,Yonathan Daza (15252177),Yonathan Daza,15252177,OF,2000,SF@COL 09/01/2020 08:40PM ET,COL,0
C,Chris Rabago (15252342),Chris Rabago,15252342,C,2000,SF@COL 09/01/2020 08:40PM ET,COL,0
1B,Josh Fuentes (15252353),Josh Fuentes,15252353,1B,2000,SF@COL 09/01/2020 08:40PM ET,COL,4.33
SS,Alan Trejo (15252475),Alan Trejo,15252475,SS,2000,SF@COL 09/01/2020 08:40PM ET,COL,0
3B/OF,Ryan Goins (15252107),Ryan Goins,15252107,3B/OF,2000,CWS@MIN 09/01/2020 08:10PM ET,CWS,0.71
C,Yermin Mercedes (15252178),Yermin Mercedes,15252178,C,2000,CWS@MIN 09/01/2020 08:10PM ET,CWS,0
OF,Adam Engel (15252267),Adam Engel,15252267,OF,2000,CWS@MIN 09/01/2020 08:10PM ET,CWS,5
OF,Micker Adolfo (15252357),Micker Adolfo,15252357,OF,2000,CWS@MIN 09/01/2020 08:10PM ET,CWS,0
C,Seby Zavala (15252403),Seby Zavala,15252403,C,2000,CWS@MIN 09/01/2020 08:10PM ET,CWS,0
OF,Blake Rutherford (15252441),Blake Rutherford,15252441,OF,2000,CWS@MIN 09/01/2020 08:10PM ET,CWS,0
OF,Luis Gonzalez (15252482),Luis Gonzalez,15252482,OF,2000,CWS@MIN 09/01/2020 08:10PM ET,CWS,1.33
1B,Andrew Vaughn (15252504),Andrew Vaughn,15252504,1B,2000,CWS@MIN 09/01/2020 08:10PM ET,CWS,0
C,Austin Hedges (15252190),Austin Hedges,15252190,C,2000,CLE@KC 09/01/2020 08:05PM ET,CLE,3.34
OF,Josh Naylor (15252386),Josh Naylor,15252386,OF,2000,CLE@KC 09/01/2020 08:05PM ET,CLE,3.53
SS,Gabriel Arias (15252490),Gabriel Arias,15252490,SS,2000,CLE@KC 09/01/2020 08:05PM ET,CLE,0
2B/OF,Yadiel Rivera (15252151),Yadiel Rivera,15252151,2B/OF,2000,TEX@HOU 09/01/2020 08:10PM ET,TEX,1.67
1B/OF,Rob Refsnyder (15252225),Rob Refsnyder,15252225,1B/OF,2000,TEX@HOU 09/01/2020 08:10PM ET,TEX,2.4
1B,Ronald Guzman (15252262),Ronald Guzman,15252262,1B,2000,TEX@HOU 09/01/2020 08:10PM ET,TEX,9
C,Nick Ciuffo (15252276),Nick Ciuffo,15252276,C,2000,TEX@HOU 09/01/2020 08:10PM ET,TEX,0
OF,Scott Heineman (15252320),Scott Heineman,15252320,OF,2000,TEX@HOU 09/01/2020 08:10PM ET,TEX,3.71
OF,Adolis Garcia (15252418),Adolis Garcia,15252418,OF,2000,TEX@HOU 09/01/2020 08:10PM ET,TEX,0.67
3B,Sherten Apostel (15252436),Sherten Apostel,15252436,3B,2000,TEX@HOU 09/01/2020 08:10PM ET,TEX,0
C,Sam Huff (15252449),Sam Huff,15252449,C,2000,TEX@HOU 09/01/2020 08:10PM ET,TEX,0
